测速日志 2026-09-30 20:20:47
[2026-09-30 20:20:53] ✅ 测速成功: http://kkk.jjjj.jiduo.me/api.php?n=tttt&id=0811&tk=e503191f8e20
   速度: 503.91KB/s | 数据量: 0.5KB | 总耗时: 0.23s
[2026-09-30 20:20:53] ❌ 测速失败: http://106.53.99.30/公众号【榴芒电视】/proxy/migu1.php?id=szxwzh
   错误: HTTPConnectionPool(host='106.53.99.30', port=80): Max retries exceeded with url: /%E5%85%AC%E4%BC%97%E5%8F%B7%E3%80%90%E6%A6%B4%E8%8A%92%E7%94%B5%E8%A7%86%E3%80%91/proxy/migu1.php?id=szxwzh (Caused by NewConnectionError("HTTPConnection(host='106.53.99.30', port=80): Failed to establish a new connection: [Errno 111] Connection refused")) | 域名: 106.53.99.30
[2026-09-30 20:20:54] ✅ 测速成功: https://live-auth.51kandianshi.com/szgd/csztv4.m3u8
   速度: 286.13KB/s | 数据量: 0.3KB | 总耗时: 1.48s
[2026-09-30 20:20:54] ✅ 测速成功: https://live-auth.51kandianshi.com/szgd/csztv1.m3u8
   速度: 286.13KB/s | 数据量: 0.3KB | 总耗时: 1.48s
[2026-09-30 20:20:54] ✅ 测速成功: https://live-auth.51kandianshi.com/szgd/csztv1.m3u8
   速度: 286.13KB/s | 数据量: 0.3KB | 总耗时: 1.25s
[2026-09-30 20:20:54] ✅ 测速成功: https://live-auth.51kandianshi.com/szgd/csztv5.m3u8
   速度: 286.13KB/s | 数据量: 0.3KB | 总耗时: 1.50s
[2026-09-30 20:20:54] ✅ 测速成功: https://live-auth.51kandianshi.com/szgd/csztv2.m3u8
   速度: 286.13KB/s | 数据量: 0.3KB | 总耗时: 1.53s
[2026-09-30 20:20:54] ✅ 测速成功: https://live-auth.51kandianshi.com/szgd/csztv3.m3u8
   速度: 286.13KB/s | 数据量: 0.3KB | 总耗时: 1.60s
[2026-09-30 20:20:54] ✅ 测速成功: https://live-auth.51kandianshi.com/szgd/csztv3.m3u8
   速度: 286.13KB/s | 数据量: 0.3KB | 总耗时: 1.60s
[2026-09-30 20:20:54] ✅ 测速成功: https://live-auth.51kandianshi.com/szgd/csztv2.m3u8
   速度: 286.13KB/s | 数据量: 0.3KB | 总耗时: 0.54s
[2026-09-30 20:20:55] ✅ 测速成功: https://live-auth.51kandianshi.com/szgd/csztv5.m3u8
   速度: 286.13KB/s | 数据量: 0.3KB | 总耗时: 0.81s
[2026-09-30 20:20:56] ❌ 测速失败: http://kkk.jjjj.jiduo.me/api.php?n=tttt&id=7321&tk=b53028476470
   错误: HTTPConnectionPool(host='ww80.jiduo.me', port=80): Max retries exceeded with url: /?subid1=613baf68-bcc9-11f1-ac13-6db63ca06e3c (Caused by ConnectTimeoutError(<HTTPConnection(host='ww80.jiduo.me', port=80) at 0x7f84356f0d60>, 'Connection to ww80.jiduo.me timed out. (connect timeout=3.05)')) | 域名: kkk.jjjj.jiduo.me
[2026-09-30 20:20:57] ❌ 测速失败: https://stream1.freetv.fun/su-zhou-wen-hua-sheng-huo-2.m3u8
   错误: HTTPSConnectionPool(host='stream1.freetv.fun', port=443): Read timed out. (read timeout=5) | 域名: stream1.freetv.fun
[2026-09-30 20:20:58] ❌ 测速失败: https://stream1.freetv.fun/su-zhou-xin-wen-zong-he-13.m3u8
   错误: HTTPSConnectionPool(host='stream1.freetv.fun', port=443): Read timed out. (read timeout=5) | 域名: stream1.freetv.fun
[2026-09-30 20:20:59] ❌ 测速失败: https://stream1.freetv.fun/su-zhou-sheng-huo-zi-xun-1.m3u8
   错误: HTTPSConnectionPool(host='stream1.freetv.fun', port=443): Read timed out. (read timeout=5) | 域名: stream1.freetv.fun
[2026-09-30 20:20:59] ❌ 测速失败: https://stream1.freetv.fun/su-zhou-she-hui-jing-ji-2.m3u8
   错误: HTTPSConnectionPool(host='stream1.freetv.fun', port=443): Read timed out. (read timeout=5) | 域名: stream1.freetv.fun
[2026-09-30 20:21:00] ❌ 测速失败: http://ott.mobaibox.com/PLTV/3/224/3221228499/index.m3u8
   错误: HTTPConnectionPool(host='ott.mobaibox.com', port=80): Max retries exceeded with url: /PLTV/3/224/3221228499/index.m3u8 (Caused by NewConnectionError("HTTPConnection(host='ott.mobaibox.com', port=80): Failed to establish a new connection: [Errno 101] Network is unreachable")) | 域名: ott.mobaibox.com
[2026-09-30 20:21:00] ❌ 测速失败: http://ott.mobaibox.com/PLTV/3/224/3221227543/index.m3u8
   错误: HTTPConnectionPool(host='ott.mobaibox.com', port=80): Max retries exceeded with url: /PLTV/3/224/3221227543/index.m3u8 (Caused by NewConnectionError("HTTPConnection(host='ott.mobaibox.com', port=80): Failed to establish a new connection: [Errno 101] Network is unreachable")) | 域名: ott.mobaibox.com
[2026-09-30 20:21:00] ❌ 测速失败: http://ott.mobaibox.com/PLTV/3/224/3221228732/index.m3u8
   错误: HTTPConnectionPool(host='ott.mobaibox.com', port=80): Max retries exceeded with url: /PLTV/3/224/3221228732/index.m3u8 (Caused by NewConnectionError("HTTPConnection(host='ott.mobaibox.com', port=80): Failed to establish a new connection: [Errno 101] Network is unreachable")) | 域名: ott.mobaibox.com
[2026-09-30 20:21:01] ❌ 测速失败: http://ott.mobaibox.com/PLTV/3/224/3221227549/index.m3u8
   错误: HTTPConnectionPool(host='ott.mobaibox.com', port=80): Max retries exceeded with url: /PLTV/3/224/3221227549/index.m3u8 (Caused by NewConnectionError("HTTPConnection(host='ott.mobaibox.com', port=80): Failed to establish a new connection: [Errno 101] Network is unreachable")) | 域名: ott.mobaibox.com
[2026-09-30 20:21:01] ❌ 测速失败: http://ott.mobaibox.com/PLTV/3/224/3221228502/index.m3u8
   错误: HTTPConnectionPool(host='ott.mobaibox.com', port=80): Max retries exceeded with url: /PLTV/3/224/3221228502/index.m3u8 (Caused by NewConnectionError("HTTPConnection(host='ott.mobaibox.com', port=80): Failed to establish a new connection: [Errno 101] Network is unreachable")) | 域名: ott.mobaibox.com
[2026-09-30 20:21:02] ❌ 测速失败: http://ott.mobaibox.com/PLTV/3/224/3221228176/index.m3u8
   错误: HTTPConnectionPool(host='ott.mobaibox.com', port=80): Max retries exceeded with url: /PLTV/3/224/3221228176/index.m3u8 (Caused by NewConnectionError("HTTPConnection(host='ott.mobaibox.com', port=80): Failed to establish a new connection: [Errno 101] Network is unreachable")) | 域名: ott.mobaibox.com
[2026-09-30 20:21:04] ❌ 测速失败: http://ott.mobaibox.com/PLTV/3/224/3221228516/index.m3u8
   错误: HTTPConnectionPool(host='ott.mobaibox.com', port=80): Max retries exceeded with url: /PLTV/3/224/3221228516/index.m3u8 (Caused by NewConnectionError("HTTPConnection(host='ott.mobaibox.com', port=80): Failed to establish a new connection: [Errno 101] Network is unreachable")) | 域名: ott.mobaibox.com
[2026-09-30 20:21:04] ❌ 测速失败: http://ott.mobaibox.com/PLTV/3/224/3221227642/index.m3u8
   错误: HTTPConnectionPool(host='ott.mobaibox.com', port=80): Max retries exceeded with url: /PLTV/3/224/3221227642/index.m3u8 (Caused by NewConnectionError("HTTPConnection(host='ott.mobaibox.com', port=80): Failed to establish a new connection: [Errno 101] Network is unreachable")) | 域名: ott.mobaibox.com
[2026-09-30 20:21:05] ❌ 测速失败: http://ott.mobaibox.com/PLTV/3/224/3221228578/index.m3u8
   错误: HTTPConnectionPool(host='ott.mobaibox.com', port=80): Max retries exceeded with url: /PLTV/3/224/3221228578/index.m3u8 (Caused by NewConnectionError("HTTPConnection(host='ott.mobaibox.com', port=80): Failed to establish a new connection: [Errno 101] Network is unreachable")) | 域名: ott.mobaibox.com
[2026-09-30 20:21:05] ❌ 测速失败: http://ott.mobaibox.com/PLTV/3/224/3221227614/index.m3u8
   错误: HTTPConnectionPool(host='ott.mobaibox.com', port=80): Max retries exceeded with url: /PLTV/3/224/3221227614/index.m3u8 (Caused by NewConnectionError("HTTPConnection(host='ott.mobaibox.com', port=80): Failed to establish a new connection: [Errno 101] Network is unreachable")) | 域名: ott.mobaibox.com
[2026-09-30 20:21:07] ❌ 测速失败: http://ott.mobaibox.com/PLTV/3/224/3221227720/index.m3u8
   错误: HTTPConnectionPool(host='ott.mobaibox.com', port=80): Max retries exceeded with url: /PLTV/3/224/3221227720/index.m3u8 (Caused by NewConnectionError("HTTPConnection(host='ott.mobaibox.com', port=80): Failed to establish a new connection: [Errno 101] Network is unreachable")) | 域名: ott.mobaibox.com
[2026-09-30 20:21:07] ❌ 测速失败: http://ott.mobaibox.com/PLTV/3/224/3221227620/index.m3u8
   错误: HTTPConnectionPool(host='ott.mobaibox.com', port=80): Max retries exceeded with url: /PLTV/3/224/3221227620/index.m3u8 (Caused by NewConnectionError("HTTPConnection(host='ott.mobaibox.com', port=80): Failed to establish a new connection: [Errno 101] Network is unreachable")) | 域名: ott.mobaibox.com
[2026-09-30 20:21:07] ❌ 测速失败: http://ott.mobaibox.com/PLTV/3/224/3221227637/index.m3u8
   错误: HTTPConnectionPool(host='ott.mobaibox.com', port=80): Max retries exceeded with url: /PLTV/3/224/3221227637/index.m3u8 (Caused by NewConnectionError("HTTPConnection(host='ott.mobaibox.com', port=80): Failed to establish a new connection: [Errno 101] Network is unreachable")) | 域名: ott.mobaibox.com
[2026-09-30 20:21:07] ❌ 测速失败: http://ott.mobaibox.com/PLTV/3/224/3221228324/index.m3u8
   错误: HTTPConnectionPool(host='ott.mobaibox.com', port=80): Max retries exceeded with url: /PLTV/3/224/3221228324/index.m3u8 (Caused by NewConnectionError("HTTPConnection(host='ott.mobaibox.com', port=80): Failed to establish a new connection: [Errno 101] Network is unreachable")) | 域名: ott.mobaibox.com
[2026-09-30 20:21:07] ❌ 测速失败: http://ott.mobaibox.com/PLTV/3/224/3221227693/index.m3u8
   错误: HTTPConnectionPool(host='ott.mobaibox.com', port=80): Max retries exceeded with url: /PLTV/3/224/3221227693/index.m3u8 (Caused by NewConnectionError("HTTPConnection(host='ott.mobaibox.com', port=80): Failed to establish a new connection: [Errno 101] Network is unreachable")) | 域名: ott.mobaibox.com
[2026-09-30 20:21:08] ❌ 测速失败: http://ott.mobaibox.com/PLTV/3/224/3221228622/index.m3u8
   错误: HTTPConnectionPool(host='ott.mobaibox.com', port=80): Max retries exceeded with url: /PLTV/3/224/3221228622/index.m3u8 (Caused by NewConnectionError("HTTPConnection(host='ott.mobaibox.com', port=80): Failed to establish a new connection: [Errno 101] Network is unreachable")) | 域名: ott.mobaibox.com
[2026-09-30 20:21:10] ❌ 测速失败: http://ott.mobaibox.com/PLTV/3/224/3221228314/index.m3u8
   错误: HTTPConnectionPool(host='ott.mobaibox.com', port=80): Max retries exceeded with url: /PLTV/3/224/3221228314/index.m3u8 (Caused by NewConnectionError("HTTPConnection(host='ott.mobaibox.com', port=80): Failed to establish a new connection: [Errno 101] Network is unreachable")) | 域名: ott.mobaibox.com
[2026-09-30 20:21:10] ❌ 测速失败: http://ott.mobaibox.com/PLTV/3/224/3221227592/index.m3u8
   错误: HTTPConnectionPool(host='ott.mobaibox.com', port=80): Max retries exceeded with url: /PLTV/3/224/3221227592/index.m3u8 (Caused by NewConnectionError("HTTPConnection(host='ott.mobaibox.com', port=80): Failed to establish a new connection: [Errno 101] Network is unreachable")) | 域名: ott.mobaibox.com
[2026-09-30 20:21:11] ❌ 测速失败: http://ott.mobaibox.com/PLTV/3/224/3221228472/index.m3u8
   错误: HTTPConnectionPool(host='ott.mobaibox.com', port=80): Max retries exceeded with url: /PLTV/3/224/3221228472/index.m3u8 (Caused by NewConnectionError("HTTPConnection(host='ott.mobaibox.com', port=80): Failed to establish a new connection: [Errno 101] Network is unreachable")) | 域名: ott.mobaibox.com
[2026-09-30 20:21:11] ❌ 测速失败: http://ott.mobaibox.com/PLTV/3/224/3221228165/index.m3u8
   错误: HTTPConnectionPool(host='ott.mobaibox.com', port=80): Max retries exceeded with url: /PLTV/3/224/3221228165/index.m3u8 (Caused by NewConnectionError("HTTPConnection(host='ott.mobaibox.com', port=80): Failed to establish a new connection: [Errno 101] Network is unreachable")) | 域名: ott.mobaibox.com
[2026-09-30 20:21:13] ❌ 测速失败: http://ott.mobaibox.com/PLTV/3/224/3221228671/index.m3u8
   错误: HTTPConnectionPool(host='ott.mobaibox.com', port=80): Max retries exceeded with url: /PLTV/3/224/3221228671/index.m3u8 (Caused by NewConnectionError("HTTPConnection(host='ott.mobaibox.com', port=80): Failed to establish a new connection: [Errno 101] Network is unreachable")) | 域名: ott.mobaibox.com
[2026-09-30 20:21:13] ❌ 测速失败: http://ott.mobaibox.com/PLTV/3/224/3221228659/index.m3u8
   错误: HTTPConnectionPool(host='ott.mobaibox.com', port=80): Max retries exceeded with url: /PLTV/3/224/3221228659/index.m3u8 (Caused by NewConnectionError("HTTPConnection(host='ott.mobaibox.com', port=80): Failed to establish a new connection: [Errno 101] Network is unreachable")) | 域名: ott.mobaibox.com
[2026-09-30 20:21:13] ❌ 测速失败: http://ott.mobaibox.com/PLTV/3/224/3221228662/index.m3u8
   错误: HTTPConnectionPool(host='ott.mobaibox.com', port=80): Max retries exceeded with url: /PLTV/3/224/3221228662/index.m3u8 (Caused by NewConnectionError("HTTPConnection(host='ott.mobaibox.com', port=80): Failed to establish a new connection: [Errno 101] Network is unreachable")) | 域名: ott.mobaibox.com
[2026-09-30 20:21:13] ❌ 测速失败: http://ott.mobaibox.com/PLTV/3/224/3221228665/index.m3u8
   错误: HTTPConnectionPool(host='ott.mobaibox.com', port=80): Max retries exceeded with url: /PLTV/3/224/3221228665/index.m3u8 (Caused by NewConnectionError("HTTPConnection(host='ott.mobaibox.com', port=80): Failed to establish a new connection: [Errno 101] Network is unreachable")) | 域名: ott.mobaibox.com
[2026-09-30 20:21:13] ❌ 测速失败: http://itv.uat.news/TVOD/5000000002000002652/bestzb/index.m3u8
   错误: HTTPConnectionPool(host='itv.uat.news', port=80): Max retries exceeded with url: /TVOD/5000000002000002652/bestzb/index.m3u8 (Caused by NameResolutionError("HTTPConnection(host='itv.uat.news', port=80): Failed to resolve 'itv.uat.news' ([Errno -2] Name or service not known)")) | 域名: itv.uat.news
[2026-09-30 20:21:13] ❌ 测速失败: http://ott.mobaibox.com/PLTV/3/224/3221228668/index.m3u8
   错误: HTTPConnectionPool(host='ott.mobaibox.com', port=80): Max retries exceeded with url: /PLTV/3/224/3221228668/index.m3u8 (Caused by NewConnectionError("HTTPConnection(host='ott.mobaibox.com', port=80): Failed to establish a new connection: [Errno 101] Network is unreachable")) | 域名: ott.mobaibox.com
[2026-09-30 20:21:13] ❌ 测速失败: http://itv.uat.news/TVOD/5000000011000031126/bestzb/index.m3u8
   错误: HTTPConnectionPool(host='itv.uat.news', port=80): Max retries exceeded with url: /TVOD/5000000011000031126/bestzb/index.m3u8 (Caused by NameResolutionError("HTTPConnection(host='itv.uat.news', port=80): Failed to resolve 'itv.uat.news' ([Errno -2] Name or service not known)")) | 域名: itv.uat.news
[2026-09-30 20:21:13] ❌ 测速失败: http://itv.uat.news/TVOD/7745129417417101820/hnbblive/index.m3u8
   错误: HTTPConnectionPool(host='itv.uat.news', port=80): Max retries exceeded with url: /TVOD/7745129417417101820/hnbblive/index.m3u8 (Caused by NameResolutionError("HTTPConnection(host='itv.uat.news', port=80): Failed to resolve 'itv.uat.news' ([Errno -2] Name or service not known)")) | 域名: itv.uat.news
[2026-09-30 20:21:13] ❌ 测速失败: http://itv.uat.news/TVOD/7114647837765104058/hnbblive/index.m3u8
   错误: HTTPConnectionPool(host='itv.uat.news', port=80): Max retries exceeded with url: /TVOD/7114647837765104058/hnbblive/index.m3u8 (Caused by NameResolutionError("HTTPConnection(host='itv.uat.news', port=80): Failed to resolve 'itv.uat.news' ([Errno -2] Name or service not known)")) | 域名: itv.uat.news
[2026-09-30 20:21:14] ❌ 测速失败: http://ott.mobaibox.com/PLTV/3/224/3221228138/index.m3u8
   错误: HTTPConnectionPool(host='ott.mobaibox.com', port=80): Max retries exceeded with url: /PLTV/3/224/3221228138/index.m3u8 (Caused by NewConnectionError("HTTPConnection(host='ott.mobaibox.com', port=80): Failed to establish a new connection: [Errno 101] Network is unreachable")) | 域名: ott.mobaibox.com
[2026-09-30 20:21:16] ❌ 测速失败: http://ott.mobaibox.com/PLTV/3/224/3221228674/index.m3u8
   错误: HTTPConnectionPool(host='ott.mobaibox.com', port=80): Max retries exceeded with url: /PLTV/3/224/3221228674/index.m3u8 (Caused by NewConnectionError("HTTPConnection(host='ott.mobaibox.com', port=80): Failed to establish a new connection: [Errno 101] Network is unreachable")) | 域名: ott.mobaibox.com
[2026-09-30 20:21:16] ❌ 测速失败: http://ott.mobaibox.com/PLTV/3/224/3221228680/index.m3u8
   错误: HTTPConnectionPool(host='ott.mobaibox.com', port=80): Max retries exceeded with url: /PLTV/3/224/3221228680/index.m3u8 (Caused by NewConnectionError("HTTPConnection(host='ott.mobaibox.com', port=80): Failed to establish a new connection: [Errno 101] Network is unreachable")) | 域名: ott.mobaibox.com
[2026-09-30 20:21:17] ❌ 测速失败: http://ott.mobaibox.com/PLTV/3/224/3221228683/index.m3u8
   错误: HTTPConnectionPool(host='ott.mobaibox.com', port=80): Max retries exceeded with url: /PLTV/3/224/3221228683/index.m3u8 (Caused by NewConnectionError("HTTPConnection(host='ott.mobaibox.com', port=80): Failed to establish a new connection: [Errno 101] Network is unreachable")) | 域名: ott.mobaibox.com
[2026-09-30 20:21:17] ❌ 测速失败: http://ott.mobaibox.com/PLTV/3/224/3221228677/index.m3u8
   错误: HTTPConnectionPool(host='ott.mobaibox.com', port=80): Max retries exceeded with url: /PLTV/3/224/3221228677/index.m3u8 (Caused by NewConnectionError("HTTPConnection(host='ott.mobaibox.com', port=80): Failed to establish a new connection: [Errno 101] Network is unreachable")) | 域名: ott.mobaibox.com
[2026-09-30 20:21:19] ❌ 测速失败: http://ott.mobaibox.com/PLTV/3/224/3221228686/index.m3u8
   错误: HTTPConnectionPool(host='ott.mobaibox.com', port=80): Max retries exceeded with url: /PLTV/3/224/3221228686/index.m3u8 (Caused by NewConnectionError("HTTPConnection(host='ott.mobaibox.com', port=80): Failed to establish a new connection: [Errno 101] Network is unreachable")) | 域名: ott.mobaibox.com
[2026-09-30 20:21:19] ❌ 测速失败: http://ott.mobaibox.com/PLTV/3/224/3221228692/index.m3u8
   错误: HTTPConnectionPool(host='ott.mobaibox.com', port=80): Max retries exceeded with url: /PLTV/3/224/3221228692/index.m3u8 (Caused by NewConnectionError("HTTPConnection(host='ott.mobaibox.com', port=80): Failed to establish a new connection: [Errno 101] Network is unreachable")) | 域名: ott.mobaibox.com
[2026-09-30 20:21:19] ❌ 测速失败: http://ott.mobaibox.com/PLTV/3/224/3221228689/index.m3u8
   错误: HTTPConnectionPool(host='ott.mobaibox.com', port=80): Max retries exceeded with url: /PLTV/3/224/3221228689/index.m3u8 (Caused by NewConnectionError("HTTPConnection(host='ott.mobaibox.com', port=80): Failed to establish a new connection: [Errno 101] Network is unreachable")) | 域名: ott.mobaibox.com
[2026-09-30 20:21:19] ❌ 测速失败: http://ott.mobaibox.com/PLTV/3/224/3221227670/index.m3u8
   错误: HTTPConnectionPool(host='ott.mobaibox.com', port=80): Max retries exceeded with url: /PLTV/3/224/3221227670/index.m3u8 (Caused by NewConnectionError("HTTPConnection(host='ott.mobaibox.com', port=80): Failed to establish a new connection: [Errno 101] Network is unreachable")) | 域名: ott.mobaibox.com
[2026-09-30 20:21:19] ❌ 测速失败: http://ott.mobaibox.com/PLTV/3/224/3221227511/index.m3u8
   错误: HTTPConnectionPool(host='ott.mobaibox.com', port=80): Max retries exceeded with url: /PLTV/3/224/3221227511/index.m3u8 (Caused by NewConnectionError("HTTPConnection(host='ott.mobaibox.com', port=80): Failed to establish a new connection: [Errno 101] Network is unreachable")) | 域名: ott.mobaibox.com
[2026-09-30 20:21:21] ❌ 测速失败: http://ott.mobaibox.com/PLTV/3/224/3221227571/index.m3u8
   错误: HTTPConnectionPool(host='ott.mobaibox.com', port=80): Max retries exceeded with url: /PLTV/3/224/3221227571/index.m3u8 (Caused by NewConnectionError("HTTPConnection(host='ott.mobaibox.com', port=80): Failed to establish a new connection: [Errno 101] Network is unreachable")) | 域名: ott.mobaibox.com
[2026-09-30 20:21:22] ❌ 测速失败: http://ott.mobaibox.com/PLTV/3/224/3221227508/index.m3u8
   错误: HTTPConnectionPool(host='ott.mobaibox.com', port=80): Max retries exceeded with url: /PLTV/3/224/3221227508/index.m3u8 (Caused by NewConnectionError("HTTPConnection(host='ott.mobaibox.com', port=80): Failed to establish a new connection: [Errno 101] Network is unreachable")) | 域名: ott.mobaibox.com
[2026-09-30 20:21:22] ❌ 测速失败: http://ott.mobaibox.com/PLTV/3/224/3221228130/index.m3u8
   错误: HTTPConnectionPool(host='ott.mobaibox.com', port=80): Max retries exceeded with url: /PLTV/3/224/3221228130/index.m3u8 (Caused by NewConnectionError("HTTPConnection(host='ott.mobaibox.com', port=80): Failed to establish a new connection: [Errno 101] Network is unreachable")) | 域名: ott.mobaibox.com
[2026-09-30 20:21:23] ❌ 测速失败: http://ott.mobaibox.com/PLTV/3/224/3221228171/index.m3u8
   错误: HTTPConnectionPool(host='ott.mobaibox.com', port=80): Max retries exceeded with url: /PLTV/3/224/3221228171/index.m3u8 (Caused by NewConnectionError("HTTPConnection(host='ott.mobaibox.com', port=80): Failed to establish a new connection: [Errno 101] Network is unreachable")) | 域名: ott.mobaibox.com
[2026-09-30 20:21:23] ❌ 测速失败: http://ott.mobaibox.com/PLTV/3/224/3221227488/index.m3u8
   错误: HTTPConnectionPool(host='ott.mobaibox.com', port=80): Max retries exceeded with url: /PLTV/3/224/3221227488/index.m3u8 (Caused by NewConnectionError("HTTPConnection(host='ott.mobaibox.com', port=80): Failed to establish a new connection: [Errno 101] Network is unreachable")) | 域名: ott.mobaibox.com
[2026-09-30 20:21:25] ❌ 测速失败: http://ott.mobaibox.com/PLTV/3/224/3221227558/index.m3u8
   错误: HTTPConnectionPool(host='ott.mobaibox.com', port=80): Max retries exceeded with url: /PLTV/3/224/3221227558/index.m3u8 (Caused by NewConnectionError("HTTPConnection(host='ott.mobaibox.com', port=80): Failed to establish a new connection: [Errno 101] Network is unreachable")) | 域名: ott.mobaibox.com
[2026-09-30 20:21:25] ❌ 测速失败: http://ott.mobaibox.com/PLTV/3/224/3221227517/index.m3u8
   错误: HTTPConnectionPool(host='ott.mobaibox.com', port=80): Max retries exceeded with url: /PLTV/3/224/3221227517/index.m3u8 (Caused by NewConnectionError("HTTPConnection(host='ott.mobaibox.com', port=80): Failed to establish a new connection: [Errno 101] Network is unreachable")) | 域名: ott.mobaibox.com
[2026-09-30 20:21:25] ❌ 测速失败: http://ott.mobaibox.com/PLTV/3/224/3221227476/index.m3u8
   错误: HTTPConnectionPool(host='ott.mobaibox.com', port=80): Max retries exceeded with url: /PLTV/3/224/3221227476/index.m3u8 (Caused by NewConnectionError("HTTPConnection(host='ott.mobaibox.com', port=80): Failed to establish a new connection: [Errno 101] Network is unreachable")) | 域名: ott.mobaibox.com
[2026-09-30 20:21:25] ❌ 测速失败: http://ott.mobaibox.com/PLTV/3/224/3221228290/index.m3u8
   错误: HTTPConnectionPool(host='ott.mobaibox.com', port=80): Max retries exceeded with url: /PLTV/3/224/3221228290/index.m3u8 (Caused by NewConnectionError("HTTPConnection(host='ott.mobaibox.com', port=80): Failed to establish a new connection: [Errno 101] Network is unreachable")) | 域名: ott.mobaibox.com
[2026-09-30 20:21:26] ❌ 测速失败: http://ott.mobaibox.com/PLTV/3/224/3221228183/index.m3u8
   错误: HTTPConnectionPool(host='ott.mobaibox.com', port=80): Max retries exceeded with url: /PLTV/3/224/3221228183/index.m3u8 (Caused by NewConnectionError("HTTPConnection(host='ott.mobaibox.com', port=80): Failed to establish a new connection: [Errno 101] Network is unreachable")) | 域名: ott.mobaibox.com
[2026-09-30 20:21:27] ❌ 测速失败: http://ott.mobaibox.com/PLTV/3/224/3221227552/index.m3u8
   错误: HTTPConnectionPool(host='ott.mobaibox.com', port=80): Max retries exceeded with url: /PLTV/3/224/3221227552/index.m3u8 (Caused by NewConnectionError("HTTPConnection(host='ott.mobaibox.com', port=80): Failed to establish a new connection: [Errno 101] Network is unreachable")) | 域名: ott.mobaibox.com
[2026-09-30 20:21:28] ❌ 测速失败: http://ott.mobaibox.com/PLTV/3/224/3221228109/index.m3u8
   错误: HTTPConnectionPool(host='ott.mobaibox.com', port=80): Max retries exceeded with url: /PLTV/3/224/3221228109/index.m3u8 (Caused by NewConnectionError("HTTPConnection(host='ott.mobaibox.com', port=80): Failed to establish a new connection: [Errno 101] Network is unreachable")) | 域名: ott.mobaibox.com
[2026-09-30 20:21:28] ❌ 测速失败: http://ott.mobaibox.com/PLTV/3/224/3221228106/index.m3u8
   错误: HTTPConnectionPool(host='ott.mobaibox.com', port=80): Max retries exceeded with url: /PLTV/3/224/3221228106/index.m3u8 (Caused by NewConnectionError("HTTPConnection(host='ott.mobaibox.com', port=80): Failed to establish a new connection: [Errno 101] Network is unreachable")) | 域名: ott.mobaibox.com
[2026-09-30 20:21:29] ❌ 测速失败: http://ott.mobaibox.com/PLTV/3/224/3221228221/index.m3u8
   错误: HTTPConnectionPool(host='ott.mobaibox.com', port=80): Max retries exceeded with url: /PLTV/3/224/3221228221/index.m3u8 (Caused by NewConnectionError("HTTPConnection(host='ott.mobaibox.com', port=80): Failed to establish a new connection: [Errno 101] Network is unreachable")) | 域名: ott.mobaibox.com
[2026-09-30 20:21:29] ❌ 测速失败: http://ott.mobaibox.com/PLTV/3/224/3221227491/index.m3u8
   错误: HTTPConnectionPool(host='ott.mobaibox.com', port=80): Max retries exceeded with url: /PLTV/3/224/3221227491/index.m3u8 (Caused by NewConnectionError("HTTPConnection(host='ott.mobaibox.com', port=80): Failed to establish a new connection: [Errno 101] Network is unreachable")) | 域名: ott.mobaibox.com
[2026-09-30 20:21:31] ❌ 测速失败: http://ott.mobaibox.com/PLTV/3/224/3221228139/index.m3u8
   错误: HTTPConnectionPool(host='ott.mobaibox.com', port=80): Max retries exceeded with url: /PLTV/3/224/3221228139/index.m3u8 (Caused by NewConnectionError("HTTPConnection(host='ott.mobaibox.com', port=80): Failed to establish a new connection: [Errno 101] Network is unreachable")) | 域名: ott.mobaibox.com
[2026-09-30 20:21:31] ❌ 测速失败: http://ott.mobaibox.com/PLTV/3/224/3221227555/index.m3u8
   错误: HTTPConnectionPool(host='ott.mobaibox.com', port=80): Max retries exceeded with url: /PLTV/3/224/3221227555/index.m3u8 (Caused by NewConnectionError("HTTPConnection(host='ott.mobaibox.com', port=80): Failed to establish a new connection: [Errno 101] Network is unreachable")) | 域名: ott.mobaibox.com
[2026-09-30 20:21:31] ❌ 测速失败: http://ott.mobaibox.com/PLTV/3/224/3221227479/index.m3u8
   错误: HTTPConnectionPool(host='ott.mobaibox.com', port=80): Max retries exceeded with url: /PLTV/3/224/3221227479/index.m3u8 (Caused by NewConnectionError("HTTPConnection(host='ott.mobaibox.com', port=80): Failed to establish a new connection: [Errno 101] Network is unreachable")) | 域名: ott.mobaibox.com
[2026-09-30 20:21:32] ❌ 测速失败: http://ott.mobaibox.com/PLTV/3/224/3221227482/index.m3u8
   错误: HTTPConnectionPool(host='ott.mobaibox.com', port=80): Max retries exceeded with url: /PLTV/3/224/3221227482/index.m3u8 (Caused by NewConnectionError("HTTPConnection(host='ott.mobaibox.com', port=80): Failed to establish a new connection: [Errno 101] Network is unreachable")) | 域名: ott.mobaibox.com
[2026-09-30 20:21:32] ❌ 测速失败: http://ott.mobaibox.com/PLTV/3/224/3221228166/index.m3u8
   错误: HTTPConnectionPool(host='ott.mobaibox.com', port=80): Max retries exceeded with url: /PLTV/3/224/3221228166/index.m3u8 (Caused by NewConnectionError("HTTPConnection(host='ott.mobaibox.com', port=80): Failed to establish a new connection: [Errno 101] Network is unreachable")) | 域名: ott.mobaibox.com
[2026-09-30 20:21:33] ❌ 测速失败: http://ott.mobaibox.com/PLTV/3/224/3221228136/index.m3u8
   错误: HTTPConnectionPool(host='ott.mobaibox.com', port=80): Max retries exceeded with url: /PLTV/3/224/3221228136/index.m3u8 (Caused by NewConnectionError("HTTPConnection(host='ott.mobaibox.com', port=80): Failed to establish a new connection: [Errno 101] Network is unreachable")) | 域名: ott.mobaibox.com
[2026-09-30 20:21:34] ❌ 测速失败: http://ott.mobaibox.com/PLTV/3/224/3221227485/index.m3u8
   错误: HTTPConnectionPool(host='ott.mobaibox.com', port=80): Max retries exceeded with url: /PLTV/3/224/3221227485/index.m3u8 (Caused by NewConnectionError("HTTPConnection(host='ott.mobaibox.com', port=80): Failed to establish a new connection: [Errno 101] Network is unreachable")) | 域名: ott.mobaibox.com
[2026-09-30 20:21:34] ❌ 测速失败: http://ott.mobaibox.com/PLTV/3/224/3221228133/index.m3u8
   错误: HTTPConnectionPool(host='ott.mobaibox.com', port=80): Max retries exceeded with url: /PLTV/3/224/3221228133/index.m3u8 (Caused by NewConnectionError("HTTPConnection(host='ott.mobaibox.com', port=80): Failed to establish a new connection: [Errno 101] Network is unreachable")) | 域名: ott.mobaibox.com
[2026-09-30 20:21:36] ❌ 测速失败: http://ott.mobaibox.com/PLTV/3/224/3221227554/index.m3u8
   错误: HTTPConnectionPool(host='ott.mobaibox.com', port=80): Max retries exceeded with url: /PLTV/3/224/3221227554/index.m3u8 (Caused by NewConnectionError("HTTPConnection(host='ott.mobaibox.com', port=80): Failed to establish a new connection: [Errno 101] Network is unreachable")) | 域名: ott.mobaibox.com
[2026-09-30 20:21:36] ❌ 测速失败: http://ott.mobaibox.com/PLTV/3/224/3221228626/index.m3u8
   错误: HTTPConnectionPool(host='ott.mobaibox.com', port=80): Max retries exceeded with url: /PLTV/3/224/3221228626/index.m3u8 (Caused by NewConnectionError("HTTPConnection(host='ott.mobaibox.com', port=80): Failed to establish a new connection: [Errno 101] Network is unreachable")) | 域名: ott.mobaibox.com
[2026-09-30 20:21:37] ❌ 测速失败: http://ott.mobaibox.com/PLTV/3/224/3221228734/index.m3u8
   错误: HTTPConnectionPool(host='ott.mobaibox.com', port=80): Max retries exceeded with url: /PLTV/3/224/3221228734/index.m3u8 (Caused by NewConnectionError("HTTPConnection(host='ott.mobaibox.com', port=80): Failed to establish a new connection: [Errno 101] Network is unreachable")) | 域名: ott.mobaibox.com
[2026-09-30 20:21:37] ❌ 测速失败: http://ott.mobaibox.com/PLTV/3/224/3221227514/index.m3u8
   错误: HTTPConnectionPool(host='ott.mobaibox.com', port=80): Max retries exceeded with url: /PLTV/3/224/3221227514/index.m3u8 (Caused by NewConnectionError("HTTPConnection(host='ott.mobaibox.com', port=80): Failed to establish a new connection: [Errno 101] Network is unreachable")) | 域名: ott.mobaibox.com
[2026-09-30 20:21:37] ✅ 测速成功: http://php.jdshipin.com:8880/xztv.php?id=ws
   速度: 389.65KB/s | 数据量: 0.4KB | 总耗时: 6.13s
[2026-09-30 20:21:38] ❌ 测速失败: http://ott.mobaibox.com/PLTV/3/224/3221228743/index.m3u8
   错误: HTTPConnectionPool(host='ott.mobaibox.com', port=80): Max retries exceeded with url: /PLTV/3/224/3221228743/index.m3u8 (Caused by NewConnectionError("HTTPConnection(host='ott.mobaibox.com', port=80): Failed to establish a new connection: [Errno 101] Network is unreachable")) | 域名: ott.mobaibox.com
[2026-09-30 20:21:38] ❌ 测速失败: http://ott.mobaibox.com/PLTV/3/224/3221228731/index.m3u8
   错误: HTTPConnectionPool(host='ott.mobaibox.com', port=80): Max retries exceeded with url: /PLTV/3/224/3221228731/index.m3u8 (Caused by NewConnectionError("HTTPConnection(host='ott.mobaibox.com', port=80): Failed to establish a new connection: [Errno 101] Network is unreachable")) | 域名: ott.mobaibox.com
[2026-09-30 20:21:39] ❌ 测速失败: http://ott.mobaibox.com/PLTV/3/224/3221228728/index.m3u8
   错误: HTTPConnectionPool(host='ott.mobaibox.com', port=80): Max retries exceeded with url: /PLTV/3/224/3221228728/index.m3u8 (Caused by NewConnectionError("HTTPConnection(host='ott.mobaibox.com', port=80): Failed to establish a new connection: [Errno 101] Network is unreachable")) | 域名: ott.mobaibox.com
[2026-09-30 20:21:40] ❌ 测速失败: http://ott.mobaibox.com/PLTV/3/224/3221228613/index.m3u8
   错误: HTTPConnectionPool(host='ott.mobaibox.com', port=80): Max retries exceeded with url: /PLTV/3/224/3221228613/index.m3u8 (Caused by NewConnectionError("HTTPConnection(host='ott.mobaibox.com', port=80): Failed to establish a new connection: [Errno 101] Network is unreachable")) | 域名: ott.mobaibox.com
[2026-09-30 20:21:40] ❌ 测速失败: http://ott.mobaibox.com/PLTV/3/224/3221228746/index.m3u8
   错误: HTTPConnectionPool(host='ott.mobaibox.com', port=80): Max retries exceeded with url: /PLTV/3/224/3221228746/index.m3u8 (Caused by NewConnectionError("HTTPConnection(host='ott.mobaibox.com', port=80): Failed to establish a new connection: [Errno 101] Network is unreachable")) | 域名: ott.mobaibox.com
[2026-09-30 20:21:42] ❌ 测速失败: http://ott.mobaibox.com/PLTV/4/224/3221227733/index.m3u8
   错误: HTTPConnectionPool(host='ott.mobaibox.com', port=80): Max retries exceeded with url: /PLTV/4/224/3221227733/index.m3u8 (Caused by NewConnectionError("HTTPConnection(host='ott.mobaibox.com', port=80): Failed to establish a new connection: [Errno 101] Network is unreachable")) | 域名: ott.mobaibox.com
[2026-09-30 20:21:42] ❌ 测速失败: http://ott.mobaibox.com/PLTV/4/224/3221227194/index.m3u8
   错误: HTTPConnectionPool(host='ott.mobaibox.com', port=80): Max retries exceeded with url: /PLTV/4/224/3221227194/index.m3u8 (Caused by NewConnectionError("HTTPConnection(host='ott.mobaibox.com', port=80): Failed to establish a new connection: [Errno 101] Network is unreachable")) | 域名: ott.mobaibox.com
[2026-09-30 20:21:43] ❌ 测速失败: http://ott.mobaibox.com/PLTV/4/224/3221227719/index.m3u8
   错误: HTTPConnectionPool(host='ott.mobaibox.com', port=80): Max retries exceeded with url: /PLTV/4/224/3221227719/index.m3u8 (Caused by NewConnectionError("HTTPConnection(host='ott.mobaibox.com', port=80): Failed to establish a new connection: [Errno 101] Network is unreachable")) | 域名: ott.mobaibox.com
[2026-09-30 20:21:43] ❌ 测速失败: http://ott.mobaibox.com/PLTV/3/224/3221227722/index.m3u8
   错误: HTTPConnectionPool(host='ott.mobaibox.com', port=80): Max retries exceeded with url: /PLTV/3/224/3221227722/index.m3u8 (Caused by NewConnectionError("HTTPConnection(host='ott.mobaibox.com', port=80): Failed to establish a new connection: [Errno 101] Network is unreachable")) | 域名: ott.mobaibox.com
[2026-09-30 20:21:43] ❌ 测速失败: http://ott.mobaibox.com/PLTV/3/224/3221227213/index.m3u8
   错误: HTTPConnectionPool(host='ott.mobaibox.com', port=80): Max retries exceeded with url: /PLTV/3/224/3221227213/index.m3u8 (Caused by NewConnectionError("HTTPConnection(host='ott.mobaibox.com', port=80): Failed to establish a new connection: [Errno 101] Network is unreachable")) | 域名: ott.mobaibox.com
[2026-09-30 20:21:44] ❌ 测速失败: http://ott.mobaibox.com/PLTV/3/224/3221228103/index.m3u8
   错误: HTTPConnectionPool(host='ott.mobaibox.com', port=80): Max retries exceeded with url: /PLTV/3/224/3221228103/index.m3u8 (Caused by NewConnectionError("HTTPConnection(host='ott.mobaibox.com', port=80): Failed to establish a new connection: [Errno 101] Network is unreachable")) | 域名: ott.mobaibox.com
[2026-09-30 20:21:44] ❌ 测速失败: http://ott.mobaibox.com/PLTV/4/224/3221227178/index.m3u8
   错误: HTTPConnectionPool(host='ott.mobaibox.com', port=80): Max retries exceeded with url: /PLTV/4/224/3221227178/index.m3u8 (Caused by NewConnectionError("HTTPConnection(host='ott.mobaibox.com', port=80): Failed to establish a new connection: [Errno 101] Network is unreachable")) | 域名: ott.mobaibox.com
[2026-09-30 20:21:45] ❌ 测速失败: http://ott.mobaibox.com/PLTV/3/224/3221227899/index.m3u8
   错误: HTTPConnectionPool(host='ott.mobaibox.com', port=80): Max retries exceeded with url: /PLTV/3/224/3221227899/index.m3u8 (Caused by NewConnectionError("HTTPConnection(host='ott.mobaibox.com', port=80): Failed to establish a new connection: [Errno 101] Network is unreachable")) | 域名: ott.mobaibox.com
[2026-09-30 20:21:46] ❌ 测速失败: http://ott.mobaibox.com/PLTV/3/224/3221227955/index.m3u8
   错误: HTTPConnectionPool(host='ott.mobaibox.com', port=80): Max retries exceeded with url: /PLTV/3/224/3221227955/index.m3u8 (Caused by NewConnectionError("HTTPConnection(host='ott.mobaibox.com', port=80): Failed to establish a new connection: [Errno 101] Network is unreachable")) | 域名: ott.mobaibox.com
[2026-09-30 20:21:47] ❌ 测速失败: http://ott.mobaibox.com/PLTV/3/224/3221227902/index.m3u8
   错误: HTTPConnectionPool(host='ott.mobaibox.com', port=80): Max retries exceeded with url: /PLTV/3/224/3221227902/index.m3u8 (Caused by NewConnectionError("HTTPConnection(host='ott.mobaibox.com', port=80): Failed to establish a new connection: [Errno 101] Network is unreachable")) | 域名: ott.mobaibox.com
[2026-09-30 20:21:48] ❌ 测速失败: http://ott.mobaibox.com/PLTV/3/224/3221228462/index.m3u8
   错误: HTTPConnectionPool(host='ott.mobaibox.com', port=80): Max retries exceeded with url: /PLTV/3/224/3221228462/index.m3u8 (Caused by NewConnectionError("HTTPConnection(host='ott.mobaibox.com', port=80): Failed to establish a new connection: [Errno 101] Network is unreachable")) | 域名: ott.mobaibox.com
[2026-09-30 20:21:48] ❌ 测速失败: http://ott.mobaibox.com/PLTV/3/224/3221227905/index.m3u8
   错误: HTTPConnectionPool(host='ott.mobaibox.com', port=80): Max retries exceeded with url: /PLTV/3/224/3221227905/index.m3u8 (Caused by NewConnectionError("HTTPConnection(host='ott.mobaibox.com', port=80): Failed to establish a new connection: [Errno 101] Network is unreachable")) | 域名: ott.mobaibox.com
[2026-09-30 20:21:49] ❌ 测速失败: http://ott.mobaibox.com/PLTV/3/224/3221228448/index.m3u8
   错误: HTTPConnectionPool(host='ott.mobaibox.com', port=80): Max retries exceeded with url: /PLTV/3/224/3221228448/index.m3u8 (Caused by NewConnectionError("HTTPConnection(host='ott.mobaibox.com', port=80): Failed to establish a new connection: [Errno 101] Network is unreachable")) | 域名: ott.mobaibox.com
[2026-09-30 20:21:49] ❌ 测速失败: http://ott.mobaibox.com/PLTV/3/224/3221228451/index.m3u8
   错误: HTTPConnectionPool(host='ott.mobaibox.com', port=80): Max retries exceeded with url: /PLTV/3/224/3221228451/index.m3u8 (Caused by NewConnectionError("HTTPConnection(host='ott.mobaibox.com', port=80): Failed to establish a new connection: [Errno 101] Network is unreachable")) | 域名: ott.mobaibox.com
[2026-09-30 20:21:49] ❌ 测速失败: http://ott.mobaibox.com/PLTV/3/224/3221228323/index.m3u8
   错误: HTTPConnectionPool(host='ott.mobaibox.com', port=80): Max retries exceeded with url: /PLTV/3/224/3221228323/index.m3u8 (Caused by NewConnectionError("HTTPConnection(host='ott.mobaibox.com', port=80): Failed to establish a new connection: [Errno 101] Network is unreachable")) | 域名: ott.mobaibox.com
[2026-09-30 20:21:50] ❌ 测速失败: http://ott.mobaibox.com/PLTV/3/224/3221227325/index.m3u8
   错误: HTTPConnectionPool(host='ott.mobaibox.com', port=80): Max retries exceeded with url: /PLTV/3/224/3221227325/index.m3u8 (Caused by NewConnectionError("HTTPConnection(host='ott.mobaibox.com', port=80): Failed to establish a new connection: [Errno 101] Network is unreachable")) | 域名: ott.mobaibox.com
[2026-09-30 20:21:50] ❌ 测速失败: http://ott.mobaibox.com/PLTV/3/224/3221228246/index.m3u8
   错误: HTTPConnectionPool(host='ott.mobaibox.com', port=80): Max retries exceeded with url: /PLTV/3/224/3221228246/index.m3u8 (Caused by NewConnectionError("HTTPConnection(host='ott.mobaibox.com', port=80): Failed to establish a new connection: [Errno 101] Network is unreachable")) | 域名: ott.mobaibox.com
[2026-09-30 20:21:51] ❌ 测速失败: http://ott.mobaibox.com/PLTV/3/224/3221228208/index.m3u8
   错误: HTTPConnectionPool(host='ott.mobaibox.com', port=80): Max retries exceeded with url: /PLTV/3/224/3221228208/index.m3u8 (Caused by NewConnectionError("HTTPConnection(host='ott.mobaibox.com', port=80): Failed to establish a new connection: [Errno 101] Network is unreachable")) | 域名: ott.mobaibox.com
[2026-09-30 20:21:52] ❌ 测速失败: http://ott.mobaibox.com/PLTV/3/224/3221228209/index.m3u8
   错误: HTTPConnectionPool(host='ott.mobaibox.com', port=80): Max retries exceeded with url: /PLTV/3/224/3221228209/index.m3u8 (Caused by NewConnectionError("HTTPConnection(host='ott.mobaibox.com', port=80): Failed to establish a new connection: [Errno 101] Network is unreachable")) | 域名: ott.mobaibox.com
[2026-09-30 20:21:53] ❌ 测速失败: http://ott.mobaibox.com/PLTV/3/224/3221228212/index.m3u8
   错误: HTTPConnectionPool(host='ott.mobaibox.com', port=80): Max retries exceeded with url: /PLTV/3/224/3221228212/index.m3u8 (Caused by NewConnectionError("HTTPConnection(host='ott.mobaibox.com', port=80): Failed to establish a new connection: [Errno 101] Network is unreachable")) | 域名: ott.mobaibox.com
[2026-09-30 20:21:54] ❌ 测速失败: http://ott.mobaibox.com/PLTV/3/224/3221228100/index.m3u8
   错误: HTTPConnectionPool(host='ott.mobaibox.com', port=80): Max retries exceeded with url: /PLTV/3/224/3221228100/index.m3u8 (Caused by NewConnectionError("HTTPConnection(host='ott.mobaibox.com', port=80): Failed to establish a new connection: [Errno 101] Network is unreachable")) | 域名: ott.mobaibox.com
[2026-09-30 20:21:54] ❌ 测速失败: http://ott.mobaibox.com/PLTV/3/224/3221225945/index.m3u8
   错误: HTTPConnectionPool(host='ott.mobaibox.com', port=80): Max retries exceeded with url: /PLTV/3/224/3221225945/index.m3u8 (Caused by NewConnectionError("HTTPConnection(host='ott.mobaibox.com', port=80): Failed to establish a new connection: [Errno 101] Network is unreachable")) | 域名: ott.mobaibox.com
[2026-09-30 20:21:55] ❌ 测速失败: http://ott.mobaibox.com/PLTV/3/224/3221225949/index.m3u8
   错误: HTTPConnectionPool(host='ott.mobaibox.com', port=80): Max retries exceeded with url: /PLTV/3/224/3221225949/index.m3u8 (Caused by NewConnectionError("HTTPConnection(host='ott.mobaibox.com', port=80): Failed to establish a new connection: [Errno 101] Network is unreachable")) | 域名: ott.mobaibox.com
[2026-09-30 20:21:55] ❌ 测速失败: http://ott.mobaibox.com/PLTV/3/224/3221225947/index.m3u8
   错误: HTTPConnectionPool(host='ott.mobaibox.com', port=80): Max retries exceeded with url: /PLTV/3/224/3221225947/index.m3u8 (Caused by NewConnectionError("HTTPConnection(host='ott.mobaibox.com', port=80): Failed to establish a new connection: [Errno 101] Network is unreachable")) | 域名: ott.mobaibox.com
[2026-09-30 20:21:56] ❌ 测速失败: http://ott.mobaibox.com/PLTV/3/224/3221225951/index.m3u8
   错误: HTTPConnectionPool(host='ott.mobaibox.com', port=80): Max retries exceeded with url: /PLTV/3/224/3221225951/index.m3u8 (Caused by NewConnectionError("HTTPConnection(host='ott.mobaibox.com', port=80): Failed to establish a new connection: [Errno 101] Network is unreachable")) | 域名: ott.mobaibox.com
[2026-09-30 20:21:56] ❌ 测速失败: http://ott.mobaibox.com/PLTV/3/224/3221228840/index.m3u8
   错误: HTTPConnectionPool(host='ott.mobaibox.com', port=80): Max retries exceeded with url: /PLTV/3/224/3221228840/index.m3u8 (Caused by NewConnectionError("HTTPConnection(host='ott.mobaibox.com', port=80): Failed to establish a new connection: [Errno 101] Network is unreachable")) | 域名: ott.mobaibox.com
[2026-09-30 20:21:56] ❌ 测速失败: http://ott.mobaibox.com/PLTV/3/224/3221228834/index.m3u8
   错误: HTTPConnectionPool(host='ott.mobaibox.com', port=80): Max retries exceeded with url: /PLTV/3/224/3221228834/index.m3u8 (Caused by NewConnectionError("HTTPConnection(host='ott.mobaibox.com', port=80): Failed to establish a new connection: [Errno 101] Network is unreachable")) | 域名: ott.mobaibox.com
[2026-09-30 20:21:56] ❌ 测速失败: http://itv.uat.news/TVOD/7851974109718180595/bestzb/index.m3u8
   错误: HTTPConnectionPool(host='itv.uat.news', port=80): Max retries exceeded with url: /TVOD/7851974109718180595/bestzb/index.m3u8 (Caused by NameResolutionError("HTTPConnection(host='itv.uat.news', port=80): Failed to resolve 'itv.uat.news' ([Errno -2] Name or service not known)")) | 域名: itv.uat.news
[2026-09-30 20:21:56] ❌ 测速失败: http://itv.uat.news/TVOD/5000000011000031110/bestzb/index.m3u8
   错误: HTTPConnectionPool(host='itv.uat.news', port=80): Max retries exceeded with url: /TVOD/5000000011000031110/bestzb/index.m3u8 (Caused by NameResolutionError("HTTPConnection(host='itv.uat.news', port=80): Failed to resolve 'itv.uat.news' ([Errno -2] Name or service not known)")) | 域名: itv.uat.news
[2026-09-30 20:21:56] ❌ 测速失败: http://itv.uat.news/TVOD/5000000010000027146/bestzb/index.m3u8
   错误: HTTPConnectionPool(host='itv.uat.news', port=80): Max retries exceeded with url: /TVOD/5000000010000027146/bestzb/index.m3u8 (Caused by NameResolutionError("HTTPConnection(host='itv.uat.news', port=80): Failed to resolve 'itv.uat.news' ([Errno -2] Name or service not known)")) | 域名: itv.uat.news
[2026-09-30 20:21:56] ❌ 测速失败: http://itv.uat.news/TVOD/5000000010000032212/bestzb/index.m3u8
   错误: HTTPConnectionPool(host='itv.uat.news', port=80): Max retries exceeded with url: /TVOD/5000000010000032212/bestzb/index.m3u8 (Caused by NameResolutionError("HTTPConnection(host='itv.uat.news', port=80): Failed to resolve 'itv.uat.news' ([Errno -2] Name or service not known)")) | 域名: itv.uat.news
[2026-09-30 20:21:56] ❌ 测速失败: http://itv.uat.news/TVOD/5000000010000017540/bestzb/index.m3u8
   错误: HTTPConnectionPool(host='itv.uat.news', port=80): Max retries exceeded with url: /TVOD/5000000010000017540/bestzb/index.m3u8 (Caused by NameResolutionError("HTTPConnection(host='itv.uat.news', port=80): Failed to resolve 'itv.uat.news' ([Errno -2] Name or service not known)")) | 域名: itv.uat.news
[2026-09-30 20:21:56] ❌ 测速失败: http://itv.uat.news/TVOD/5000000010000018926/bestzb/index.m3u8
   错误: HTTPConnectionPool(host='itv.uat.news', port=80): Max retries exceeded with url: /TVOD/5000000010000018926/bestzb/index.m3u8 (Caused by NameResolutionError("HTTPConnection(host='itv.uat.news', port=80): Failed to resolve 'itv.uat.news' ([Errno -2] Name or service not known)")) | 域名: itv.uat.news
[2026-09-30 20:21:57] ❌ 测速失败: http://itv.uat.news/TVOD/5000000011000031123/bestzb/index.m3u8
   错误: HTTPConnectionPool(host='itv.uat.news', port=80): Max retries exceeded with url: /TVOD/5000000011000031123/bestzb/index.m3u8 (Caused by NameResolutionError("HTTPConnection(host='itv.uat.news', port=80): Failed to resolve 'itv.uat.news' ([Errno -2] Name or service not known)")) | 域名: itv.uat.news
[2026-09-30 20:21:57] ❌ 测速失败: http://itv.uat.news/TVOD/5000000011000031111/bestzb/index.m3u8
   错误: HTTPConnectionPool(host='itv.uat.news', port=80): Max retries exceeded with url: /TVOD/5000000011000031111/bestzb/index.m3u8 (Caused by NameResolutionError("HTTPConnection(host='itv.uat.news', port=80): Failed to resolve 'itv.uat.news' ([Errno -2] Name or service not known)")) | 域名: itv.uat.news
[2026-09-30 20:21:57] ❌ 测速失败: http://itv.uat.news/TVOD/5000000007000010001/bestzb/index.m3u8
   错误: HTTPConnectionPool(host='itv.uat.news', port=80): Max retries exceeded with url: /TVOD/5000000007000010001/bestzb/index.m3u8 (Caused by NameResolutionError("HTTPConnection(host='itv.uat.news', port=80): Failed to resolve 'itv.uat.news' ([Errno -2] Name or service not known)")) | 域名: itv.uat.news
[2026-09-30 20:21:57] ❌ 测速失败: http://itv.uat.news/TVOD/5000000011000031113/bestzb/index.m3u8
   错误: HTTPConnectionPool(host='itv.uat.news', port=80): Max retries exceeded with url: /TVOD/5000000011000031113/bestzb/index.m3u8 (Caused by NameResolutionError("HTTPConnection(host='itv.uat.news', port=80): Failed to resolve 'itv.uat.news' ([Errno -2] Name or service not known)")) | 域名: itv.uat.news
[2026-09-30 20:21:57] ❌ 测速失败: http://itv.uat.news/TVOD/5000000011000031112/bestzb/index.m3u8
   错误: HTTPConnectionPool(host='itv.uat.news', port=80): Max retries exceeded with url: /TVOD/5000000011000031112/bestzb/index.m3u8 (Caused by NameResolutionError("HTTPConnection(host='itv.uat.news', port=80): Failed to resolve 'itv.uat.news' ([Errno -2] Name or service not known)")) | 域名: itv.uat.news
[2026-09-30 20:21:57] ❌ 测速失败: http://itv.uat.news/TVOD/5000000007000010003/bestzb/index.m3u8
   错误: HTTPConnectionPool(host='itv.uat.news', port=80): Max retries exceeded with url: /TVOD/5000000007000010003/bestzb/index.m3u8 (Caused by NameResolutionError("HTTPConnection(host='itv.uat.news', port=80): Failed to resolve 'itv.uat.news' ([Errno -2] Name or service not known)")) | 域名: itv.uat.news
[2026-09-30 20:21:57] ❌ 测速失败: http://itv.uat.news/TVOD/9001547084732463424/bestzb/index.m3u8
   错误: HTTPConnectionPool(host='itv.uat.news', port=80): Max retries exceeded with url: /TVOD/9001547084732463424/bestzb/index.m3u8 (Caused by NameResolutionError("HTTPConnection(host='itv.uat.news', port=80): Failed to resolve 'itv.uat.news' ([Errno -2] Name or service not known)")) | 域名: itv.uat.news
[2026-09-30 20:21:57] ❌ 测速失败: http://itv.uat.news/TVOD/5000000011000031114/bestzb/index.m3u8
   错误: HTTPConnectionPool(host='itv.uat.news', port=80): Max retries exceeded with url: /TVOD/5000000011000031114/bestzb/index.m3u8 (Caused by NameResolutionError("HTTPConnection(host='itv.uat.news', port=80): Failed to resolve 'itv.uat.news' ([Errno -2] Name or service not known)")) | 域名: itv.uat.news
[2026-09-30 20:21:57] ❌ 测速失败: http://itv.uat.news/TVOD/5000000011000031207/bestzb/index.m3u8
   错误: HTTPConnectionPool(host='itv.uat.news', port=80): Max retries exceeded with url: /TVOD/5000000011000031207/bestzb/index.m3u8 (Caused by NameResolutionError("HTTPConnection(host='itv.uat.news', port=80): Failed to resolve 'itv.uat.news' ([Errno -2] Name or service not known)")) | 域名: itv.uat.news
[2026-09-30 20:21:57] ❌ 测速失败: http://itv.uat.news/TVOD/5000000002000019634/bestzb/index.m3u8
   错误: HTTPConnectionPool(host='itv.uat.news', port=80): Max retries exceeded with url: /TVOD/5000000002000019634/bestzb/index.m3u8 (Caused by NameResolutionError("HTTPConnection(host='itv.uat.news', port=80): Failed to resolve 'itv.uat.news' ([Errno -2] Name or service not known)")) | 域名: itv.uat.news
[2026-09-30 20:21:57] ❌ 测速失败: http://itv.uat.news/TVOD/5000000010000026105/bestzb/index.m3u8
   错误: HTTPConnectionPool(host='itv.uat.news', port=80): Max retries exceeded with url: /TVOD/5000000010000026105/bestzb/index.m3u8 (Caused by NameResolutionError("HTTPConnection(host='itv.uat.news', port=80): Failed to resolve 'itv.uat.news' ([Errno -2] Name or service not known)")) | 域名: itv.uat.news
[2026-09-30 20:21:57] ❌ 测速失败: http://itv.uat.news/TVOD/5000000002000029972/bestzb/index.m3u8
   错误: HTTPConnectionPool(host='itv.uat.news', port=80): Max retries exceeded with url: /TVOD/5000000002000029972/bestzb/index.m3u8 (Caused by NameResolutionError("HTTPConnection(host='itv.uat.news', port=80): Failed to resolve 'itv.uat.news' ([Errno -2] Name or service not known)")) | 域名: itv.uat.news
[2026-09-30 20:21:57] ❌ 测速失败: http://zhfivel02.cztv.com/channel02/1080p.m3u8?auth_key=2524708799-0-0-2f7bb420bfd1d218b9c7b07c0ac1ba2f
   错误: HTTPConnectionPool(host='zhfivel02.cztv.com', port=80): Max retries exceeded with url: /channel02/1080p.m3u8?auth_key=2524708799-0-0-2f7bb420bfd1d218b9c7b07c0ac1ba2f (Caused by NameResolutionError("HTTPConnection(host='zhfivel02.cztv.com', port=80): Failed to resolve 'zhfivel02.cztv.com' ([Errno -2] Name or service not known)")) | 域名: zhfivel02.cztv.com
[2026-09-30 20:21:57] ❌ 测速失败: http://zhfivel02.cztv.com/channel03/1080p.m3u8?auth_key=2524708799-0-0-76c0751e0f656453baf39803124fc08a
   错误: HTTPConnectionPool(host='zhfivel02.cztv.com', port=80): Max retries exceeded with url: /channel03/1080p.m3u8?auth_key=2524708799-0-0-76c0751e0f656453baf39803124fc08a (Caused by NameResolutionError("HTTPConnection(host='zhfivel02.cztv.com', port=80): Failed to resolve 'zhfivel02.cztv.com' ([Errno -2] Name or service not known)")) | 域名: zhfivel02.cztv.com
[2026-09-30 20:21:57] ❌ 测速失败: http://ott.mobaibox.com/PLTV/3/224/3221228837/index.m3u8
   错误: HTTPConnectionPool(host='ott.mobaibox.com', port=80): Max retries exceeded with url: /PLTV/3/224/3221228837/index.m3u8 (Caused by NewConnectionError("HTTPConnection(host='ott.mobaibox.com', port=80): Failed to establish a new connection: [Errno 101] Network is unreachable")) | 域名: ott.mobaibox.com
[2026-09-30 20:21:57] ❌ 测速失败: http://zhfivel02.cztv.com/channel04/1080p.m3u8?auth_key=2524708799-0-0-514823d0816d4af94a9f32bd7614ed67
   错误: HTTPConnectionPool(host='zhfivel02.cztv.com', port=80): Max retries exceeded with url: /channel04/1080p.m3u8?auth_key=2524708799-0-0-514823d0816d4af94a9f32bd7614ed67 (Caused by NameResolutionError("HTTPConnection(host='zhfivel02.cztv.com', port=80): Failed to resolve 'zhfivel02.cztv.com' ([Errno -2] Name or service not known)")) | 域名: zhfivel02.cztv.com
[2026-09-30 20:21:57] ❌ 测速失败: http://zhfivel02.cztv.com/channel07/1080p.m3u8?auth_key=2524708799-0-0-4af48ba83e791a300595dd0b2bb30e6e
   错误: HTTPConnectionPool(host='zhfivel02.cztv.com', port=80): Max retries exceeded with url: /channel07/1080p.m3u8?auth_key=2524708799-0-0-4af48ba83e791a300595dd0b2bb30e6e (Caused by NameResolutionError("HTTPConnection(host='zhfivel02.cztv.com', port=80): Failed to resolve 'zhfivel02.cztv.com' ([Errno -2] Name or service not known)")) | 域名: zhfivel02.cztv.com
[2026-09-30 20:21:57] ❌ 测速失败: http://zhfivel02.cztv.com/channel06/1080p.m3u8?auth_key=2524708799-0-0-59c4fe94512c59a90316fbf17ae2fbef
   错误: HTTPConnectionPool(host='zhfivel02.cztv.com', port=80): Max retries exceeded with url: /channel06/1080p.m3u8?auth_key=2524708799-0-0-59c4fe94512c59a90316fbf17ae2fbef (Caused by NameResolutionError("HTTPConnection(host='zhfivel02.cztv.com', port=80): Failed to resolve 'zhfivel02.cztv.com' ([Errno -2] Name or service not known)")) | 域名: zhfivel02.cztv.com
[2026-09-30 20:21:57] ❌ 测速失败: http://zhfivel02.cztv.com/channel08/1080p.m3u8?auth_key=2524708799-0-0-cf6f7ad5658d8f2fe423ac2b0d502083
   错误: HTTPConnectionPool(host='zhfivel02.cztv.com', port=80): Max retries exceeded with url: /channel08/1080p.m3u8?auth_key=2524708799-0-0-cf6f7ad5658d8f2fe423ac2b0d502083 (Caused by NameResolutionError("HTTPConnection(host='zhfivel02.cztv.com', port=80): Failed to resolve 'zhfivel02.cztv.com' ([Errno -2] Name or service not known)")) | 域名: zhfivel02.cztv.com
[2026-09-30 20:21:57] ❌ 测速失败: http://zhfivel02.cztv.com/channel12/1080p.m3u8?auth_key=2524708799-0-0-19b0d66dea45971ba0087cbe8392e2d4
   错误: HTTPConnectionPool(host='zhfivel02.cztv.com', port=80): Max retries exceeded with url: /channel12/1080p.m3u8?auth_key=2524708799-0-0-19b0d66dea45971ba0087cbe8392e2d4 (Caused by NameResolutionError("HTTPConnection(host='zhfivel02.cztv.com', port=80): Failed to resolve 'zhfivel02.cztv.com' ([Errno -2] Name or service not known)")) | 域名: zhfivel02.cztv.com
[2026-09-30 20:21:57] ❌ 测速失败: http://zhfivel02.cztv.com/channel10/1080p.m3u8?auth_key=2524708799-0-0-646cad31c1d94b002a325cd75475d30f
   错误: HTTPConnectionPool(host='zhfivel02.cztv.com', port=80): Max retries exceeded with url: /channel10/1080p.m3u8?auth_key=2524708799-0-0-646cad31c1d94b002a325cd75475d30f (Caused by NameResolutionError("HTTPConnection(host='zhfivel02.cztv.com', port=80): Failed to resolve 'zhfivel02.cztv.com' ([Errno -2] Name or service not known)")) | 域名: zhfivel02.cztv.com
[2026-09-30 20:21:58] ❌ 测速失败: http://itv.uat.news/TVOD/5000000011000031206/bestzb/index.m3u8
   错误: HTTPConnectionPool(host='itv.uat.news', port=80): Max retries exceeded with url: /TVOD/5000000011000031206/bestzb/index.m3u8 (Caused by NameResolutionError("HTTPConnection(host='itv.uat.news', port=80): Failed to resolve 'itv.uat.news' ([Errno -2] Name or service not known)")) | 域名: itv.uat.news
[2026-09-30 20:21:58] ❌ 测速失败: http://itv.uat.news/TVOD/5000000011000031203/bestzb/index.m3u8
   错误: HTTPConnectionPool(host='itv.uat.news', port=80): Max retries exceeded with url: /TVOD/5000000011000031203/bestzb/index.m3u8 (Caused by NameResolutionError("HTTPConnection(host='itv.uat.news', port=80): Failed to resolve 'itv.uat.news' ([Errno -2] Name or service not known)")) | 域名: itv.uat.news
[2026-09-30 20:21:58] ❌ 测速失败: http://itv.uat.news/TVOD/5000000006000040024/bestzb/index.m3u8
   错误: HTTPConnectionPool(host='itv.uat.news', port=80): Max retries exceeded with url: /TVOD/5000000006000040024/bestzb/index.m3u8 (Caused by NameResolutionError("HTTPConnection(host='itv.uat.news', port=80): Failed to resolve 'itv.uat.news' ([Errno -2] Name or service not known)")) | 域名: itv.uat.news
[2026-09-30 20:21:58] ❌ 测速失败: http://itv.uat.news/TVOD/5000000011000031209/bestzb/index.m3u8
   错误: HTTPConnectionPool(host='itv.uat.news', port=80): Max retries exceeded with url: /TVOD/5000000011000031209/bestzb/index.m3u8 (Caused by NameResolutionError("HTTPConnection(host='itv.uat.news', port=80): Failed to resolve 'itv.uat.news' ([Errno -2] Name or service not known)")) | 域名: itv.uat.news
[2026-09-30 20:21:58] ✅ 测速成功: http://php.jdshipin.com/TVOD/iptv.php?id=gdty
   速度: 78.12KB/s | 数据量: 0.1KB | 总耗时: 0.29s
[2026-09-30 20:21:58] ✅ 测速成功: http://php.jdshipin.com/TVOD/iptv.php?id=gdzj
   速度: 78.12KB/s | 数据量: 0.1KB | 总耗时: 0.30s
[2026-09-30 20:21:59] ❌ 测速失败: http://ott.mobaibox.com/PLTV/3/224/3221227758/index.m3u8
   错误: HTTPConnectionPool(host='ott.mobaibox.com', port=80): Max retries exceeded with url: /PLTV/3/224/3221227758/index.m3u8 (Caused by NewConnectionError("HTTPConnection(host='ott.mobaibox.com', port=80): Failed to establish a new connection: [Errno 101] Network is unreachable")) | 域名: ott.mobaibox.com
[2026-09-30 20:21:59] ❌ 测速失败: http://ott.mobaibox.com/PLTV/3/224/3221227819/index.m3u8
   错误: HTTPConnectionPool(host='ott.mobaibox.com', port=80): Max retries exceeded with url: /PLTV/3/224/3221227819/index.m3u8 (Caused by NewConnectionError("HTTPConnection(host='ott.mobaibox.com', port=80): Failed to establish a new connection: [Errno 101] Network is unreachable")) | 域名: ott.mobaibox.com
[2026-09-30 20:22:00] ❌ 测速失败: http://ott.mobaibox.com/PLTV/3/224/3221228435/index.m3u8
   错误: HTTPConnectionPool(host='ott.mobaibox.com', port=80): Max retries exceeded with url: /PLTV/3/224/3221228435/index.m3u8 (Caused by NewConnectionError("HTTPConnection(host='ott.mobaibox.com', port=80): Failed to establish a new connection: [Errno 101] Network is unreachable")) | 域名: ott.mobaibox.com
[2026-09-30 20:22:00] ❌ 测速失败: http://ott.mobaibox.com/PLTV/3/224/3221228433/index.m3u8
   错误: HTTPConnectionPool(host='ott.mobaibox.com', port=80): Max retries exceeded with url: /PLTV/3/224/3221228433/index.m3u8 (Caused by NewConnectionError("HTTPConnection(host='ott.mobaibox.com', port=80): Failed to establish a new connection: [Errno 101] Network is unreachable")) | 域名: ott.mobaibox.com
[2026-09-30 20:22:00] ✅ 测速成功: http://php.jdshipin.com/TVOD/iptv.php?id=gzngds
   速度: 300.78KB/s | 数据量: 0.3KB | 总耗时: 2.47s
[2026-09-30 20:22:02] ❌ 测速失败: http://ott.mobaibox.com/PLTV/3/224/3221228436/index.m3u8
   错误: HTTPConnectionPool(host='ott.mobaibox.com', port=80): Max retries exceeded with url: /PLTV/3/224/3221228436/index.m3u8 (Caused by NewConnectionError("HTTPConnection(host='ott.mobaibox.com', port=80): Failed to establish a new connection: [Errno 101] Network is unreachable")) | 域名: ott.mobaibox.com
[2026-09-30 20:22:02] ❌ 测速失败: http://ott.mobaibox.com/PLTV/3/224/3221226944/index.m3u8
   错误: HTTPConnectionPool(host='ott.mobaibox.com', port=80): Max retries exceeded with url: /PLTV/3/224/3221226944/index.m3u8 (Caused by NewConnectionError("HTTPConnection(host='ott.mobaibox.com', port=80): Failed to establish a new connection: [Errno 101] Network is unreachable")) | 域名: ott.mobaibox.com
[2026-09-30 20:22:02] ❌ 测速失败: http://ott.mobaibox.com/PLTV/3/224/3221226939/index.m3u8
   错误: HTTPConnectionPool(host='ott.mobaibox.com', port=80): Max retries exceeded with url: /PLTV/3/224/3221226939/index.m3u8 (Caused by NewConnectionError("HTTPConnection(host='ott.mobaibox.com', port=80): Failed to establish a new connection: [Errno 101] Network is unreachable")) | 域名: ott.mobaibox.com
[2026-09-30 20:22:02] ❌ 测速失败: http://ott.mobaibox.com/PLTV/3/224/3221227699/index.m3u8
   错误: HTTPConnectionPool(host='ott.mobaibox.com', port=80): Max retries exceeded with url: /PLTV/3/224/3221227699/index.m3u8 (Caused by NewConnectionError("HTTPConnection(host='ott.mobaibox.com', port=80): Failed to establish a new connection: [Errno 101] Network is unreachable")) | 域名: ott.mobaibox.com
[2026-09-30 20:22:03] ❌ 测速失败: http://php.jdshipin.com/TVOD/hljyd.php?id=3221226298
   错误: HTTPConnectionPool(host='cdn.jdshipin.com', port=8880): Read timed out. (read timeout=5) | 域名: php.jdshipin.com
[2026-09-30 20:22:04] ❌ 测速失败: http://php.jdshipin.com/TVOD/hljyd.php?id=3221226239
   错误: HTTPConnectionPool(host='cdn.jdshipin.com', port=8880): Read timed out. (read timeout=5) | 域名: php.jdshipin.com
[2026-09-30 20:22:04] ❌ 测速失败: http://php.jdshipin.com/TVOD/hljyd.php?id=3221226301
   错误: HTTPConnectionPool(host='cdn.jdshipin.com', port=8880): Read timed out. (read timeout=5) | 域名: php.jdshipin.com
[2026-09-30 20:22:05] ❌ 测速失败: http://php.jdshipin.com/TVOD/hljyd.php?id=3221226242
   错误: HTTPConnectionPool(host='cdn.jdshipin.com', port=8880): Read timed out. (read timeout=5) | 域名: php.jdshipin.com
[2026-09-30 20:22:05] ❌ 测速失败: http://php.jdshipin.com/TVOD/hljyd.php?id=3221226330
   错误: HTTPConnectionPool(host='cdn.jdshipin.com', port=8880): Read timed out. (read timeout=5) | 域名: php.jdshipin.com
[2026-09-30 20:22:06] ❌ 测速失败: http://php.jdshipin.com/TVOD/hljyd.php?id=3221226304
   错误: HTTPConnectionPool(host='cdn.jdshipin.com', port=8880): Read timed out. (read timeout=5) | 域名: php.jdshipin.com
[2026-09-30 20:22:07] ❌ 测速失败: http://php.jdshipin.com/TVOD/hljyd.php?id=3221226434
   错误: HTTPConnectionPool(host='cdn.jdshipin.com', port=8880): Read timed out. (read timeout=5) | 域名: php.jdshipin.com
[2026-09-30 20:22:08] ❌ 测速失败: http://ott.mobaibox.com/PLTV/3/224/3221227475/index.m3u8
   错误: HTTPConnectionPool(host='ott.mobaibox.com', port=80): Max retries exceeded with url: /PLTV/3/224/3221227475/index.m3u8 (Caused by NewConnectionError("HTTPConnection(host='ott.mobaibox.com', port=80): Failed to establish a new connection: [Errno 101] Network is unreachable")) | 域名: ott.mobaibox.com
[2026-09-30 20:22:08] ❌ 测速失败: http://ott.mobaibox.com/PLTV/3/224/3221227512/index.m3u8
   错误: HTTPConnectionPool(host='ott.mobaibox.com', port=80): Max retries exceeded with url: /PLTV/3/224/3221227512/index.m3u8 (Caused by NewConnectionError("HTTPConnection(host='ott.mobaibox.com', port=80): Failed to establish a new connection: [Errno 101] Network is unreachable")) | 域名: ott.mobaibox.com
[2026-09-30 20:22:08] ❌ 测速失败: http://ott.mobaibox.com/PLTV/3/224/3221227527/index.m3u8
   错误: HTTPConnectionPool(host='ott.mobaibox.com', port=80): Max retries exceeded with url: /PLTV/3/224/3221227527/index.m3u8 (Caused by NewConnectionError("HTTPConnection(host='ott.mobaibox.com', port=80): Failed to establish a new connection: [Errno 101] Network is unreachable")) | 域名: ott.mobaibox.com
[2026-09-30 20:22:09] ❌ 测速失败: http://ott.mobaibox.com/PLTV/3/224/3221227530/index.m3u8
   错误: HTTPConnectionPool(host='ott.mobaibox.com', port=80): Max retries exceeded with url: /PLTV/3/224/3221227530/index.m3u8 (Caused by NewConnectionError("HTTPConnection(host='ott.mobaibox.com', port=80): Failed to establish a new connection: [Errno 101] Network is unreachable")) | 域名: ott.mobaibox.com
[2026-09-30 20:22:10] ❌ 测速失败: http://ott.mobaibox.com/PLTV/3/224/3221227533/index.m3u8
   错误: HTTPConnectionPool(host='ott.mobaibox.com', port=80): Max retries exceeded with url: /PLTV/3/224/3221227533/index.m3u8 (Caused by NewConnectionError("HTTPConnection(host='ott.mobaibox.com', port=80): Failed to establish a new connection: [Errno 101] Network is unreachable")) | 域名: ott.mobaibox.com
[2026-09-30 20:22:10] ❌ 测速失败: http://ott.mobaibox.com/PLTV/3/224/3221227536/index.m3u8
   错误: HTTPConnectionPool(host='ott.mobaibox.com', port=80): Max retries exceeded with url: /PLTV/3/224/3221227536/index.m3u8 (Caused by NewConnectionError("HTTPConnection(host='ott.mobaibox.com', port=80): Failed to establish a new connection: [Errno 101] Network is unreachable")) | 域名: ott.mobaibox.com
[2026-09-30 20:22:11] ❌ 测速失败: http://ott.mobaibox.com/PLTV/3/224/3221227539/index.m3u8
   错误: HTTPConnectionPool(host='ott.mobaibox.com', port=80): Max retries exceeded with url: /PLTV/3/224/3221227539/index.m3u8 (Caused by NewConnectionError("HTTPConnection(host='ott.mobaibox.com', port=80): Failed to establish a new connection: [Errno 101] Network is unreachable")) | 域名: ott.mobaibox.com
[2026-09-30 20:22:11] ❌ 测速失败: http://ott.mobaibox.com/PLTV/3/224/3221227541/index.m3u8
   错误: HTTPConnectionPool(host='ott.mobaibox.com', port=80): Max retries exceeded with url: /PLTV/3/224/3221227541/index.m3u8 (Caused by NewConnectionError("HTTPConnection(host='ott.mobaibox.com', port=80): Failed to establish a new connection: [Errno 101] Network is unreachable")) | 域名: ott.mobaibox.com
[2026-09-30 20:22:12] ❌ 测速失败: http://ott.mobaibox.com/PLTV/3/224/3221227542/index.m3u8
   错误: HTTPConnectionPool(host='ott.mobaibox.com', port=80): Max retries exceeded with url: /PLTV/3/224/3221227542/index.m3u8 (Caused by NewConnectionError("HTTPConnection(host='ott.mobaibox.com', port=80): Failed to establish a new connection: [Errno 101] Network is unreachable")) | 域名: ott.mobaibox.com
[2026-09-30 20:22:13] ❌ 测速失败: http://ott.mobaibox.com/PLTV/3/224/3221227544/index.m3u8
   错误: HTTPConnectionPool(host='ott.mobaibox.com', port=80): Max retries exceeded with url: /PLTV/3/224/3221227544/index.m3u8 (Caused by NewConnectionError("HTTPConnection(host='ott.mobaibox.com', port=80): Failed to establish a new connection: [Errno 101] Network is unreachable")) | 域名: ott.mobaibox.com
[2026-09-30 20:22:14] ❌ 测速失败: http://ott.mobaibox.com/PLTV/3/224/3221227547/index.m3u8
   错误: HTTPConnectionPool(host='ott.mobaibox.com', port=80): Max retries exceeded with url: /PLTV/3/224/3221227547/index.m3u8 (Caused by NewConnectionError("HTTPConnection(host='ott.mobaibox.com', port=80): Failed to establish a new connection: [Errno 101] Network is unreachable")) | 域名: ott.mobaibox.com
[2026-09-30 20:22:14] ❌ 测速失败: http://ott.mobaibox.com/PLTV/3/224/3221227548/index.m3u8
   错误: HTTPConnectionPool(host='ott.mobaibox.com', port=80): Max retries exceeded with url: /PLTV/3/224/3221227548/index.m3u8 (Caused by NewConnectionError("HTTPConnection(host='ott.mobaibox.com', port=80): Failed to establish a new connection: [Errno 101] Network is unreachable")) | 域名: ott.mobaibox.com
[2026-09-30 20:22:14] ❌ 测速失败: http://itv.uat.news/TVOD/1000000004000019008/ystenlive/index.m3u8
   错误: HTTPConnectionPool(host='itv.uat.news', port=80): Max retries exceeded with url: /TVOD/1000000004000019008/ystenlive/index.m3u8 (Caused by NameResolutionError("HTTPConnection(host='itv.uat.news', port=80): Failed to resolve 'itv.uat.news' ([Errno -2] Name or service not known)")) | 域名: itv.uat.news
[2026-09-30 20:22:14] ❌ 测速失败: http://itv.uat.news/TVOD/1000000005000266012/ystenlive/index.m3u8
   错误: HTTPConnectionPool(host='itv.uat.news', port=80): Max retries exceeded with url: /TVOD/1000000005000266012/ystenlive/index.m3u8 (Caused by NameResolutionError("HTTPConnection(host='itv.uat.news', port=80): Failed to resolve 'itv.uat.news' ([Errno -2] Name or service not known)")) | 域名: itv.uat.news
[2026-09-30 20:22:14] ❌ 测速失败: http://itv.uat.news/TVOD/2000000003000000051/hnbblive/index.m3u8
   错误: HTTPConnectionPool(host='itv.uat.news', port=80): Max retries exceeded with url: /TVOD/2000000003000000051/hnbblive/index.m3u8 (Caused by NameResolutionError("HTTPConnection(host='itv.uat.news', port=80): Failed to resolve 'itv.uat.news' ([Errno -2] Name or service not known)")) | 域名: itv.uat.news
[2026-09-30 20:22:14] ❌ 测速失败: http://itv.uat.news/TVOD/1000000004000023658/ystenlive/index.m3u8
   错误: HTTPConnectionPool(host='itv.uat.news', port=80): Max retries exceeded with url: /TVOD/1000000004000023658/ystenlive/index.m3u8 (Caused by NameResolutionError("HTTPConnection(host='itv.uat.news', port=80): Failed to resolve 'itv.uat.news' ([Errno -2] Name or service not known)")) | 域名: itv.uat.news
[2026-09-30 20:22:14] ❌ 测速失败: http://itv.uat.news/TVOD/1000000001000012884/ystenlive/index.m3u8
   错误: HTTPConnectionPool(host='itv.uat.news', port=80): Max retries exceeded with url: /TVOD/1000000001000012884/ystenlive/index.m3u8 (Caused by NameResolutionError("HTTPConnection(host='itv.uat.news', port=80): Failed to resolve 'itv.uat.news' ([Errno -2] Name or service not known)")) | 域名: itv.uat.news
[2026-09-30 20:22:14] ❌ 测速失败: http://itv.uat.news/TVOD/1000000001000009601/ystenlive/index.m3u8
   错误: HTTPConnectionPool(host='itv.uat.news', port=80): Max retries exceeded with url: /TVOD/1000000001000009601/ystenlive/index.m3u8 (Caused by NameResolutionError("HTTPConnection(host='itv.uat.news', port=80): Failed to resolve 'itv.uat.news' ([Errno -2] Name or service not known)")) | 域名: itv.uat.news
[2026-09-30 20:22:14] ❌ 测速失败: http://itv.uat.news/TVOD/1000000001000008139/ystenlive/index.m3u8
   错误: HTTPConnectionPool(host='itv.uat.news', port=80): Max retries exceeded with url: /TVOD/1000000001000008139/ystenlive/index.m3u8 (Caused by NameResolutionError("HTTPConnection(host='itv.uat.news', port=80): Failed to resolve 'itv.uat.news' ([Errno -2] Name or service not known)")) | 域名: itv.uat.news
[2026-09-30 20:22:14] ❌ 测速失败: http://itv.uat.news/TVOD/1000000001000006197/ystenlive/index.m3u8
   错误: HTTPConnectionPool(host='itv.uat.news', port=80): Max retries exceeded with url: /TVOD/1000000001000006197/ystenlive/index.m3u8 (Caused by NameResolutionError("HTTPConnection(host='itv.uat.news', port=80): Failed to resolve 'itv.uat.news' ([Errno -2] Name or service not known)")) | 域名: itv.uat.news
[2026-09-30 20:22:14] ❌ 测速失败: http://ott.mobaibox.com/PLTV/3/224/3221227588/index.m3u8
   错误: HTTPConnectionPool(host='ott.mobaibox.com', port=80): Max retries exceeded with url: /PLTV/3/224/3221227588/index.m3u8 (Caused by NewConnectionError("HTTPConnection(host='ott.mobaibox.com', port=80): Failed to establish a new connection: [Errno 101] Network is unreachable")) | 域名: ott.mobaibox.com
[2026-09-30 20:22:14] ❌ 测速失败: http://itv.uat.news/TVOD/1000000006000032327/ystenlive/index.m3u8
   错误: HTTPConnectionPool(host='itv.uat.news', port=80): Max retries exceeded with url: /TVOD/1000000006000032327/ystenlive/index.m3u8 (Caused by NameResolutionError("HTTPConnection(host='itv.uat.news', port=80): Failed to resolve 'itv.uat.news' ([Errno -2] Name or service not known)")) | 域名: itv.uat.news
[2026-09-30 20:22:14] ❌ 测速失败: http://itv.uat.news/TVOD/5000000011000288005/bestzb/index.m3u8
   错误: HTTPConnectionPool(host='itv.uat.news', port=80): Max retries exceeded with url: /TVOD/5000000011000288005/bestzb/index.m3u8 (Caused by NameResolutionError("HTTPConnection(host='itv.uat.news', port=80): Failed to resolve 'itv.uat.news' ([Errno -2] Name or service not known)")) | 域名: itv.uat.news
[2026-09-30 20:22:14] ❌ 测速失败: http://itv.uat.news/TVOD/5000000011000288013/bestzb/index.m3u8
   错误: HTTPConnectionPool(host='itv.uat.news', port=80): Max retries exceeded with url: /TVOD/5000000011000288013/bestzb/index.m3u8 (Caused by NameResolutionError("HTTPConnection(host='itv.uat.news', port=80): Failed to resolve 'itv.uat.news' ([Errno -2] Name or service not known)")) | 域名: itv.uat.news
[2026-09-30 20:22:14] ❌ 测速失败: http://itv.uat.news/TVOD/5000000011000288009/bestzb/index.m3u8
   错误: HTTPConnectionPool(host='itv.uat.news', port=80): Max retries exceeded with url: /TVOD/5000000011000288009/bestzb/index.m3u8 (Caused by NameResolutionError("HTTPConnection(host='itv.uat.news', port=80): Failed to resolve 'itv.uat.news' ([Errno -2] Name or service not known)")) | 域名: itv.uat.news
[2026-09-30 20:22:14] ❌ 测速失败: http://itv.uat.news/TVOD/5000000011000288010/bestzb/index.m3u8
   错误: HTTPConnectionPool(host='itv.uat.news', port=80): Max retries exceeded with url: /TVOD/5000000011000288010/bestzb/index.m3u8 (Caused by NameResolutionError("HTTPConnection(host='itv.uat.news', port=80): Failed to resolve 'itv.uat.news' ([Errno -2] Name or service not known)")) | 域名: itv.uat.news
[2026-09-30 20:22:14] ❌ 测速失败: http://itv.uat.news/TVOD/5000000011000288004/bestzb/index.m3u8
   错误: HTTPConnectionPool(host='itv.uat.news', port=80): Max retries exceeded with url: /TVOD/5000000011000288004/bestzb/index.m3u8 (Caused by NameResolutionError("HTTPConnection(host='itv.uat.news', port=80): Failed to resolve 'itv.uat.news' ([Errno -2] Name or service not known)")) | 域名: itv.uat.news
[2026-09-30 20:22:14] ❌ 测速失败: http://itv.uat.news/TVOD/5000000011000288008/bestzb/index.m3u8
   错误: HTTPConnectionPool(host='itv.uat.news', port=80): Max retries exceeded with url: /TVOD/5000000011000288008/bestzb/index.m3u8 (Caused by NameResolutionError("HTTPConnection(host='itv.uat.news', port=80): Failed to resolve 'itv.uat.news' ([Errno -2] Name or service not known)")) | 域名: itv.uat.news
[2026-09-30 20:22:14] ❌ 测速失败: http://itv.uat.news/TVOD/5000000011000288002/bestzb/index.m3u8
   错误: HTTPConnectionPool(host='itv.uat.news', port=80): Max retries exceeded with url: /TVOD/5000000011000288002/bestzb/index.m3u8 (Caused by NameResolutionError("HTTPConnection(host='itv.uat.news', port=80): Failed to resolve 'itv.uat.news' ([Errno -2] Name or service not known)")) | 域名: itv.uat.news
[2026-09-30 20:22:14] ❌ 测速失败: http://itv.uat.news/TVOD/5000000011000288012/bestzb/index.m3u8
   错误: HTTPConnectionPool(host='itv.uat.news', port=80): Max retries exceeded with url: /TVOD/5000000011000288012/bestzb/index.m3u8 (Caused by NameResolutionError("HTTPConnection(host='itv.uat.news', port=80): Failed to resolve 'itv.uat.news' ([Errno -2] Name or service not known)")) | 域名: itv.uat.news
[2026-09-30 20:22:14] ❌ 测速失败: http://itv.uat.news/TVOD/5000000011000288011/bestzb/index.m3u8
   错误: HTTPConnectionPool(host='itv.uat.news', port=80): Max retries exceeded with url: /TVOD/5000000011000288011/bestzb/index.m3u8 (Caused by NameResolutionError("HTTPConnection(host='itv.uat.news', port=80): Failed to resolve 'itv.uat.news' ([Errno -2] Name or service not known)")) | 域名: itv.uat.news
[2026-09-30 20:22:14] ❌ 测速失败: http://itv.uat.news/TVOD/5000000011000288006/bestzb/index.m3u8
   错误: HTTPConnectionPool(host='itv.uat.news', port=80): Max retries exceeded with url: /TVOD/5000000011000288006/bestzb/index.m3u8 (Caused by NameResolutionError("HTTPConnection(host='itv.uat.news', port=80): Failed to resolve 'itv.uat.news' ([Errno -2] Name or service not known)")) | 域名: itv.uat.news
[2026-09-30 20:22:14] ❌ 测速失败: http://itv.uat.news/TVOD/5000000011000288001/bestzb/index.m3u8
   错误: HTTPConnectionPool(host='itv.uat.news', port=80): Max retries exceeded with url: /TVOD/5000000011000288001/bestzb/index.m3u8 (Caused by NameResolutionError("HTTPConnection(host='itv.uat.news', port=80): Failed to resolve 'itv.uat.news' ([Errno -2] Name or service not known)")) | 域名: itv.uat.news
[2026-09-30 20:22:14] ❌ 测速失败: http://itv.uat.news/TVOD/5000000011000288007/bestzb/index.m3u8
   错误: HTTPConnectionPool(host='itv.uat.news', port=80): Max retries exceeded with url: /TVOD/5000000011000288007/bestzb/index.m3u8 (Caused by NameResolutionError("HTTPConnection(host='itv.uat.news', port=80): Failed to resolve 'itv.uat.news' ([Errno -2] Name or service not known)")) | 域名: itv.uat.news
[2026-09-30 20:22:14] ❌ 测速失败: http://itv.uat.news/TVOD/5000000011000288003/bestzb/index.m3u8
   错误: HTTPConnectionPool(host='itv.uat.news', port=80): Max retries exceeded with url: /TVOD/5000000011000288003/bestzb/index.m3u8 (Caused by NameResolutionError("HTTPConnection(host='itv.uat.news', port=80): Failed to resolve 'itv.uat.news' ([Errno -2] Name or service not known)")) | 域名: itv.uat.news
[2026-09-30 20:22:14] ❌ 测速失败: http://itv.uat.news/TVOD/5000000001000001116/bestzb/index.m3u8
   错误: HTTPConnectionPool(host='itv.uat.news', port=80): Max retries exceeded with url: /TVOD/5000000001000001116/bestzb/index.m3u8 (Caused by NameResolutionError("HTTPConnection(host='itv.uat.news', port=80): Failed to resolve 'itv.uat.news' ([Errno -2] Name or service not known)")) | 域名: itv.uat.news
[2026-09-30 20:22:14] ❌ 测速失败: http://itv.uat.news/TVOD/5000000001000004876/bestzb/index.m3u8
   错误: HTTPConnectionPool(host='itv.uat.news', port=80): Max retries exceeded with url: /TVOD/5000000001000004876/bestzb/index.m3u8 (Caused by NameResolutionError("HTTPConnection(host='itv.uat.news', port=80): Failed to resolve 'itv.uat.news' ([Errno -2] Name or service not known)")) | 域名: itv.uat.news
[2026-09-30 20:22:14] ❌ 测速失败: http://itv.uat.news/TVOD/6000000006000070630/wasusyt/index.m3u8
   错误: HTTPConnectionPool(host='itv.uat.news', port=80): Max retries exceeded with url: /TVOD/6000000006000070630/wasusyt/index.m3u8 (Caused by NameResolutionError("HTTPConnection(host='itv.uat.news', port=80): Failed to resolve 'itv.uat.news' ([Errno -2] Name or service not known)")) | 域名: itv.uat.news
[2026-09-30 20:22:14] ❌ 测速失败: http://itv.uat.news/TVOD/6000000006000280630/wasusyt/index.m3u8
   错误: HTTPConnectionPool(host='itv.uat.news', port=80): Max retries exceeded with url: /TVOD/6000000006000280630/wasusyt/index.m3u8 (Caused by NameResolutionError("HTTPConnection(host='itv.uat.news', port=80): Failed to resolve 'itv.uat.news' ([Errno -2] Name or service not known)")) | 域名: itv.uat.news
[2026-09-30 20:22:14] ❌ 测速失败: http://itv.uat.news/TVOD/6000000006000020630/wasusyt/index.m3u8
   错误: HTTPConnectionPool(host='itv.uat.news', port=80): Max retries exceeded with url: /TVOD/6000000006000020630/wasusyt/index.m3u8 (Caused by NameResolutionError("HTTPConnection(host='itv.uat.news', port=80): Failed to resolve 'itv.uat.news' ([Errno -2] Name or service not known)")) | 域名: itv.uat.news
[2026-09-30 20:22:15] ❌ 测速失败: http://itv.uat.news/TVOD/6000000006000160630/wasusyt/index.m3u8
   错误: HTTPConnectionPool(host='itv.uat.news', port=80): Max retries exceeded with url: /TVOD/6000000006000160630/wasusyt/index.m3u8 (Caused by NameResolutionError("HTTPConnection(host='itv.uat.news', port=80): Failed to resolve 'itv.uat.news' ([Errno -2] Name or service not known)")) | 域名: itv.uat.news
[2026-09-30 20:22:15] ❌ 测速失败: http://itv.uat.news/TVOD/6000000006000040630/wasusyt/index.m3u8
   错误: HTTPConnectionPool(host='itv.uat.news', port=80): Max retries exceeded with url: /TVOD/6000000006000040630/wasusyt/index.m3u8 (Caused by NameResolutionError("HTTPConnection(host='itv.uat.news', port=80): Failed to resolve 'itv.uat.news' ([Errno -2] Name or service not known)")) | 域名: itv.uat.news
[2026-09-30 20:22:15] ❌ 测速失败: http://itv.uat.news/TVOD/6000000006000150630/wasusyt/index.m3u8
   错误: HTTPConnectionPool(host='itv.uat.news', port=80): Max retries exceeded with url: /TVOD/6000000006000150630/wasusyt/index.m3u8 (Caused by NameResolutionError("HTTPConnection(host='itv.uat.news', port=80): Failed to resolve 'itv.uat.news' ([Errno -2] Name or service not known)")) | 域名: itv.uat.news
[2026-09-30 20:22:15] ❌ 测速失败: http://itv.uat.news/TVOD/6000000006000250630/wasusyt/index.m3u8
   错误: HTTPConnectionPool(host='itv.uat.news', port=80): Max retries exceeded with url: /TVOD/6000000006000250630/wasusyt/index.m3u8 (Caused by NameResolutionError("HTTPConnection(host='itv.uat.news', port=80): Failed to resolve 'itv.uat.news' ([Errno -2] Name or service not known)")) | 域名: itv.uat.news
[2026-09-30 20:22:15] ❌ 测速失败: http://itv.uat.news/TVOD/6000000006000270630/wasusyt/index.m3u8
   错误: HTTPConnectionPool(host='itv.uat.news', port=80): Max retries exceeded with url: /TVOD/6000000006000270630/wasusyt/index.m3u8 (Caused by NameResolutionError("HTTPConnection(host='itv.uat.news', port=80): Failed to resolve 'itv.uat.news' ([Errno -2] Name or service not known)")) | 域名: itv.uat.news
[2026-09-30 20:22:15] ❌ 测速失败: http://itv.uat.news/TVOD/6000000006000240630/wasusyt/index.m3u8
   错误: HTTPConnectionPool(host='itv.uat.news', port=80): Max retries exceeded with url: /TVOD/6000000006000240630/wasusyt/index.m3u8 (Caused by NameResolutionError("HTTPConnection(host='itv.uat.news', port=80): Failed to resolve 'itv.uat.news' ([Errno -2] Name or service not known)")) | 域名: itv.uat.news
[2026-09-30 20:22:15] ❌ 测速失败: http://itv.uat.news/TVOD/6000000006000290630/wasusyt/index.m3u8
   错误: HTTPConnectionPool(host='itv.uat.news', port=80): Max retries exceeded with url: /TVOD/6000000006000290630/wasusyt/index.m3u8 (Caused by NameResolutionError("HTTPConnection(host='itv.uat.news', port=80): Failed to resolve 'itv.uat.news' ([Errno -2] Name or service not known)")) | 域名: itv.uat.news
[2026-09-30 20:22:15] ❌ 测速失败: http://itv.uat.news/TVOD/6000000006000220630/wasusyt/index.m3u8
   错误: HTTPConnectionPool(host='itv.uat.news', port=80): Max retries exceeded with url: /TVOD/6000000006000220630/wasusyt/index.m3u8 (Caused by NameResolutionError("HTTPConnection(host='itv.uat.news', port=80): Failed to resolve 'itv.uat.news' ([Errno -2] Name or service not known)")) | 域名: itv.uat.news
[2026-09-30 20:22:15] ❌ 测速失败: http://itv.uat.news/TVOD/6000000006000010630/wasusyt/index.m3u8
   错误: HTTPConnectionPool(host='itv.uat.news', port=80): Max retries exceeded with url: /TVOD/6000000006000010630/wasusyt/index.m3u8 (Caused by NameResolutionError("HTTPConnection(host='itv.uat.news', port=80): Failed to resolve 'itv.uat.news' ([Errno -2] Name or service not known)")) | 域名: itv.uat.news
[2026-09-30 20:22:15] ❌ 测速失败: http://itv.uat.news/TVOD/6000000006000050630/wasusyt/index.m3u8
   错误: HTTPConnectionPool(host='itv.uat.news', port=80): Max retries exceeded with url: /TVOD/6000000006000050630/wasusyt/index.m3u8 (Caused by NameResolutionError("HTTPConnection(host='itv.uat.news', port=80): Failed to resolve 'itv.uat.news' ([Errno -2] Name or service not known)")) | 域名: itv.uat.news
[2026-09-30 20:22:15] ❌ 测速失败: http://itv.uat.news/TVOD/6000000006000180630/wasusyt/index.m3u8
   错误: HTTPConnectionPool(host='itv.uat.news', port=80): Max retries exceeded with url: /TVOD/6000000006000180630/wasusyt/index.m3u8 (Caused by NameResolutionError("HTTPConnection(host='itv.uat.news', port=80): Failed to resolve 'itv.uat.news' ([Errno -2] Name or service not known)")) | 域名: itv.uat.news
[2026-09-30 20:22:15] ❌ 测速失败: http://itv.uat.news/TVOD/6000000006000030630/wasusyt/index.m3u8
   错误: HTTPConnectionPool(host='itv.uat.news', port=80): Max retries exceeded with url: /TVOD/6000000006000030630/wasusyt/index.m3u8 (Caused by NameResolutionError("HTTPConnection(host='itv.uat.news', port=80): Failed to resolve 'itv.uat.news' ([Errno -2] Name or service not known)")) | 域名: itv.uat.news
[2026-09-30 20:22:15] ❌ 测速失败: http://itv.uat.news/TVOD/2000000004000000008/hnbblive/index.m3u8
   错误: HTTPConnectionPool(host='itv.uat.news', port=80): Max retries exceeded with url: /TVOD/2000000004000000008/hnbblive/index.m3u8 (Caused by NameResolutionError("HTTPConnection(host='itv.uat.news', port=80): Failed to resolve 'itv.uat.news' ([Errno -2] Name or service not known)")) | 域名: itv.uat.news
[2026-09-30 20:22:15] ❌ 测速失败: http://itv.uat.news/TVOD/2000000004000000009/hnbblive/index.m3u8
   错误: HTTPConnectionPool(host='itv.uat.news', port=80): Max retries exceeded with url: /TVOD/2000000004000000009/hnbblive/index.m3u8 (Caused by NameResolutionError("HTTPConnection(host='itv.uat.news', port=80): Failed to resolve 'itv.uat.news' ([Errno -2] Name or service not known)")) | 域名: itv.uat.news
[2026-09-30 20:22:15] ❌ 测速失败: http://itv.uat.news/TVOD/2000000004000000010/hnbblive/index.m3u8
   错误: HTTPConnectionPool(host='itv.uat.news', port=80): Max retries exceeded with url: /TVOD/2000000004000000010/hnbblive/index.m3u8 (Caused by NameResolutionError("HTTPConnection(host='itv.uat.news', port=80): Failed to resolve 'itv.uat.news' ([Errno -2] Name or service not known)")) | 域名: itv.uat.news
[2026-09-30 20:22:15] ❌ 测速失败: http://itv.uat.news/TVOD/2000000004000000011/hnbblive/index.m3u8
   错误: HTTPConnectionPool(host='itv.uat.news', port=80): Max retries exceeded with url: /TVOD/2000000004000000011/hnbblive/index.m3u8 (Caused by NameResolutionError("HTTPConnection(host='itv.uat.news', port=80): Failed to resolve 'itv.uat.news' ([Errno -2] Name or service not known)")) | 域名: itv.uat.news
[2026-09-30 20:22:15] ❌ 测速失败: http://ott.mobaibox.com/PLTV/3/224/3221227594/index.m3u8
   错误: HTTPConnectionPool(host='ott.mobaibox.com', port=80): Max retries exceeded with url: /PLTV/3/224/3221227594/index.m3u8 (Caused by NewConnectionError("HTTPConnection(host='ott.mobaibox.com', port=80): Failed to establish a new connection: [Errno 101] Network is unreachable")) | 域名: ott.mobaibox.com
[2026-09-30 20:22:16] ❌ 测速失败: http://ott.mobaibox.com/PLTV/3/224/3221227600/index.m3u8
   错误: HTTPConnectionPool(host='ott.mobaibox.com', port=80): Max retries exceeded with url: /PLTV/3/224/3221227600/index.m3u8 (Caused by NewConnectionError("HTTPConnection(host='ott.mobaibox.com', port=80): Failed to establish a new connection: [Errno 101] Network is unreachable")) | 域名: ott.mobaibox.com
[2026-09-30 20:22:16] ❌ 测速失败: http://itv.uat.news/TVOD/3000000001000005308/FifastbLive/index.m3u8
   错误: HTTPConnectionPool(host='itv.uat.news', port=80): Max retries exceeded with url: /TVOD/3000000001000005308/FifastbLive/index.m3u8 (Caused by NameResolutionError("HTTPConnection(host='itv.uat.news', port=80): Failed to resolve 'itv.uat.news' ([Errno -2] Name or service not known)")) | 域名: itv.uat.news
[2026-09-30 20:22:16] ❌ 测速失败: http://itv.uat.news/TVOD/3000000001000005969/FifastbLive/index.m3u8
   错误: HTTPConnectionPool(host='itv.uat.news', port=80): Max retries exceeded with url: /TVOD/3000000001000005969/FifastbLive/index.m3u8 (Caused by NameResolutionError("HTTPConnection(host='itv.uat.news', port=80): Failed to resolve 'itv.uat.news' ([Errno -2] Name or service not known)")) | 域名: itv.uat.news
[2026-09-30 20:22:16] ❌ 测速失败: http://ott.mobaibox.com/PLTV/3/224/3221227603/index.m3u8
   错误: HTTPConnectionPool(host='ott.mobaibox.com', port=80): Max retries exceeded with url: /PLTV/3/224/3221227603/index.m3u8 (Caused by NewConnectionError("HTTPConnection(host='ott.mobaibox.com', port=80): Failed to establish a new connection: [Errno 101] Network is unreachable")) | 域名: ott.mobaibox.com
[2026-09-30 20:22:17] ❌ 测速失败: http://ott.mobaibox.com/PLTV/3/224/3221227606/index.m3u8
   错误: HTTPConnectionPool(host='ott.mobaibox.com', port=80): Max retries exceeded with url: /PLTV/3/224/3221227606/index.m3u8 (Caused by NewConnectionError("HTTPConnection(host='ott.mobaibox.com', port=80): Failed to establish a new connection: [Errno 101] Network is unreachable")) | 域名: ott.mobaibox.com
[2026-09-30 20:22:17] ❌ 测速失败: http://ott.mobaibox.com/PLTV/3/224/3221227612/index.m3u8
   错误: HTTPConnectionPool(host='ott.mobaibox.com', port=80): Max retries exceeded with url: /PLTV/3/224/3221227612/index.m3u8 (Caused by NewConnectionError("HTTPConnection(host='ott.mobaibox.com', port=80): Failed to establish a new connection: [Errno 101] Network is unreachable")) | 域名: ott.mobaibox.com
[2026-09-30 20:22:18] ❌ 测速失败: http://ott.mobaibox.com/PLTV/3/224/3221227615/index.m3u8
   错误: HTTPConnectionPool(host='ott.mobaibox.com', port=80): Max retries exceeded with url: /PLTV/3/224/3221227615/index.m3u8 (Caused by NewConnectionError("HTTPConnection(host='ott.mobaibox.com', port=80): Failed to establish a new connection: [Errno 101] Network is unreachable")) | 域名: ott.mobaibox.com
[2026-09-30 20:22:19] ❌ 测速失败: http://ott.mobaibox.com/PLTV/3/224/3221227618/index.m3u8
   错误: HTTPConnectionPool(host='ott.mobaibox.com', port=80): Max retries exceeded with url: /PLTV/3/224/3221227618/index.m3u8 (Caused by NewConnectionError("HTTPConnection(host='ott.mobaibox.com', port=80): Failed to establish a new connection: [Errno 101] Network is unreachable")) | 域名: ott.mobaibox.com
[2026-09-30 20:22:20] ❌ 测速失败: http://ott.mobaibox.com/PLTV/3/224/3221228430/index.m3u8
   错误: HTTPConnectionPool(host='ott.mobaibox.com', port=80): Max retries exceeded with url: /PLTV/3/224/3221228430/index.m3u8 (Caused by NewConnectionError("HTTPConnection(host='ott.mobaibox.com', port=80): Failed to establish a new connection: [Errno 101] Network is unreachable")) | 域名: ott.mobaibox.com
[2026-09-30 20:22:20] ❌ 测速失败: http://itv.uat.news/TVOD/2000000004000000014/hnbblive/index.m3u8
   错误: HTTPConnectionPool(host='itv.uat.news', port=80): Max retries exceeded with url: /TVOD/2000000004000000014/hnbblive/index.m3u8 (Caused by NameResolutionError("HTTPConnection(host='itv.uat.news', port=80): Failed to resolve 'itv.uat.news' ([Errno -2] Name or service not known)")) | 域名: itv.uat.news
[2026-09-30 20:22:20] ❌ 测速失败: http://ott.mobaibox.com/PLTV/4/224/3221225539/index.m3u8
   错误: HTTPConnectionPool(host='ott.mobaibox.com', port=80): Max retries exceeded with url: /PLTV/4/224/3221225539/index.m3u8 (Caused by NewConnectionError("HTTPConnection(host='ott.mobaibox.com', port=80): Failed to establish a new connection: [Errno 101] Network is unreachable")) | 域名: ott.mobaibox.com
[2026-09-30 20:22:21] ❌ 测速失败: http://ott.mobaibox.com/PLTV/3/224/3221228444/index.m3u8
   错误: HTTPConnectionPool(host='ott.mobaibox.com', port=80): Max retries exceeded with url: /PLTV/3/224/3221228444/index.m3u8 (Caused by NewConnectionError("HTTPConnection(host='ott.mobaibox.com', port=80): Failed to establish a new connection: [Errno 101] Network is unreachable")) | 域名: ott.mobaibox.com
[2026-09-30 20:22:21] ❌ 测速失败: http://ott.mobaibox.com/PLTV/3/224/3221228794/index.m3u8
   错误: HTTPConnectionPool(host='ott.mobaibox.com', port=80): Max retries exceeded with url: /PLTV/3/224/3221228794/index.m3u8 (Caused by NewConnectionError("HTTPConnection(host='ott.mobaibox.com', port=80): Failed to establish a new connection: [Errno 101] Network is unreachable")) | 域名: ott.mobaibox.com
[2026-09-30 20:22:22] ❌ 测速失败: http://ott.mobaibox.com/PLTV/3/224/3221228682/index.m3u8
   错误: HTTPConnectionPool(host='ott.mobaibox.com', port=80): Max retries exceeded with url: /PLTV/3/224/3221228682/index.m3u8 (Caused by NewConnectionError("HTTPConnection(host='ott.mobaibox.com', port=80): Failed to establish a new connection: [Errno 101] Network is unreachable")) | 域名: ott.mobaibox.com
[2026-09-30 20:22:22] ❌ 测速失败: http://ott.mobaibox.com/PLTV/3/224/3221228679/index.m3u8
   错误: HTTPConnectionPool(host='ott.mobaibox.com', port=80): Max retries exceeded with url: /PLTV/3/224/3221228679/index.m3u8 (Caused by NewConnectionError("HTTPConnection(host='ott.mobaibox.com', port=80): Failed to establish a new connection: [Errno 101] Network is unreachable")) | 域名: ott.mobaibox.com
[2026-09-30 20:22:23] ❌ 测速失败: http://ott.mobaibox.com/PLTV/3/224/3221228729/index.m3u8
   错误: HTTPConnectionPool(host='ott.mobaibox.com', port=80): Max retries exceeded with url: /PLTV/3/224/3221228729/index.m3u8 (Caused by NewConnectionError("HTTPConnection(host='ott.mobaibox.com', port=80): Failed to establish a new connection: [Errno 101] Network is unreachable")) | 域名: ott.mobaibox.com
[2026-09-30 20:22:24] ❌ 测速失败: http://ott.mobaibox.com/PLTV/3/224/3221228231/index.m3u8
   错误: HTTPConnectionPool(host='ott.mobaibox.com', port=80): Max retries exceeded with url: /PLTV/3/224/3221228231/index.m3u8 (Caused by NewConnectionError("HTTPConnection(host='ott.mobaibox.com', port=80): Failed to establish a new connection: [Errno 101] Network is unreachable")) | 域名: ott.mobaibox.com
[2026-09-30 20:22:24] ❌ 测速失败: http://ott.mobaibox.com/PLTV/3/224/3221227506/index.m3u8
   错误: HTTPConnectionPool(host='ott.mobaibox.com', port=80): Max retries exceeded with url: /PLTV/3/224/3221227506/index.m3u8 (Caused by NewConnectionError("HTTPConnection(host='ott.mobaibox.com', port=80): Failed to establish a new connection: [Errno 101] Network is unreachable")) | 域名: ott.mobaibox.com
[2026-09-30 20:22:25] ❌ 测速失败: http://ott.mobaibox.com/PLTV/3/224/3221228141/index.m3u8
   错误: HTTPConnectionPool(host='ott.mobaibox.com', port=80): Max retries exceeded with url: /PLTV/3/224/3221228141/index.m3u8 (Caused by NewConnectionError("HTTPConnection(host='ott.mobaibox.com', port=80): Failed to establish a new connection: [Errno 101] Network is unreachable")) | 域名: ott.mobaibox.com
[2026-09-30 20:22:26] ❌ 测速失败: http://ott.mobaibox.com/PLTV/3/224/3221228454/index.m3u8
   错误: HTTPConnectionPool(host='ott.mobaibox.com', port=80): Max retries exceeded with url: /PLTV/3/224/3221228454/index.m3u8 (Caused by NewConnectionError("HTTPConnection(host='ott.mobaibox.com', port=80): Failed to establish a new connection: [Errno 101] Network is unreachable")) | 域名: ott.mobaibox.com
[2026-09-30 20:22:26] ❌ 测速失败: http://ott.mobaibox.com/PLTV/3/224/3221228466/index.m3u8
   错误: HTTPConnectionPool(host='ott.mobaibox.com', port=80): Max retries exceeded with url: /PLTV/3/224/3221228466/index.m3u8 (Caused by NewConnectionError("HTTPConnection(host='ott.mobaibox.com', port=80): Failed to establish a new connection: [Errno 101] Network is unreachable")) | 域名: ott.mobaibox.com
[2026-09-30 20:22:27] ❌ 测速失败: http://ott.mobaibox.com/PLTV/4/224/3221228562/index.m3u8
   错误: HTTPConnectionPool(host='ott.mobaibox.com', port=80): Max retries exceeded with url: /PLTV/4/224/3221228562/index.m3u8 (Caused by NewConnectionError("HTTPConnection(host='ott.mobaibox.com', port=80): Failed to establish a new connection: [Errno 101] Network is unreachable")) | 域名: ott.mobaibox.com
[2026-09-30 20:22:27] ❌ 测速失败: http://ott.mobaibox.com/PLTV/3/224/3221228591/index.m3u8
   错误: HTTPConnectionPool(host='ott.mobaibox.com', port=80): Max retries exceeded with url: /PLTV/3/224/3221228591/index.m3u8 (Caused by NewConnectionError("HTTPConnection(host='ott.mobaibox.com', port=80): Failed to establish a new connection: [Errno 101] Network is unreachable")) | 域名: ott.mobaibox.com
[2026-09-30 20:22:28] ❌ 测速失败: http://ott.mobaibox.com/PLTV/3/224/3221228592/index.m3u8
   错误: HTTPConnectionPool(host='ott.mobaibox.com', port=80): Max retries exceeded with url: /PLTV/3/224/3221228592/index.m3u8 (Caused by NewConnectionError("HTTPConnection(host='ott.mobaibox.com', port=80): Failed to establish a new connection: [Errno 101] Network is unreachable")) | 域名: ott.mobaibox.com
[2026-09-30 20:22:28] ❌ 测速失败: http://ott.mobaibox.com/PLTV/3/224/3221228641/index.m3u8
   错误: HTTPConnectionPool(host='ott.mobaibox.com', port=80): Max retries exceeded with url: /PLTV/3/224/3221228641/index.m3u8 (Caused by NewConnectionError("HTTPConnection(host='ott.mobaibox.com', port=80): Failed to establish a new connection: [Errno 101] Network is unreachable")) | 域名: ott.mobaibox.com
[2026-09-30 20:22:30] ❌ 测速失败: http://ott.mobaibox.com/PLTV/3/224/3221228706/index.m3u8
   错误: HTTPConnectionPool(host='ott.mobaibox.com', port=80): Max retries exceeded with url: /PLTV/3/224/3221228706/index.m3u8 (Caused by NewConnectionError("HTTPConnection(host='ott.mobaibox.com', port=80): Failed to establish a new connection: [Errno 101] Network is unreachable")) | 域名: ott.mobaibox.com
[2026-09-30 20:22:30] ❌ 测速失败: http://ott.mobaibox.com/PLTV/3/224/3221228644/index.m3u8
   错误: HTTPConnectionPool(host='ott.mobaibox.com', port=80): Max retries exceeded with url: /PLTV/3/224/3221228644/index.m3u8 (Caused by NewConnectionError("HTTPConnection(host='ott.mobaibox.com', port=80): Failed to establish a new connection: [Errno 101] Network is unreachable")) | 域名: ott.mobaibox.com
[2026-09-30 20:22:30] ❌ 测速失败: http://ott.mobaibox.com/PLTV/3/224/3221228740/index.m3u8
   错误: HTTPConnectionPool(host='ott.mobaibox.com', port=80): Max retries exceeded with url: /PLTV/3/224/3221228740/index.m3u8 (Caused by NewConnectionError("HTTPConnection(host='ott.mobaibox.com', port=80): Failed to establish a new connection: [Errno 101] Network is unreachable")) | 域名: ott.mobaibox.com
[2026-09-30 20:22:30] ✅ 测速成功: http://php.jdshipin.com:8880/1905.php?id=1905dy2
   速度: 463.87KB/s | 数据量: 0.5KB | 总耗时: 0.50s
[2026-09-30 20:22:30] ✅ 测速成功: http://php.jdshipin.com:8880/1905.php?id=1905dy
   速度: 251.76KB/s | 数据量: 0.5KB | 总耗时: 0.81s
[2026-09-30 20:22:30] ❌ 测速失败: http://itv.uat.news/TVOD/6000000006000320630/wasusyt/index.m3u8
   错误: HTTPConnectionPool(host='itv.uat.news', port=80): Max retries exceeded with url: /TVOD/6000000006000320630/wasusyt/index.m3u8 (Caused by NameResolutionError("HTTPConnection(host='itv.uat.news', port=80): Failed to resolve 'itv.uat.news' ([Errno -2] Name or service not known)")) | 域名: itv.uat.news
[2026-09-30 20:22:30] ❌ 测速失败: http://itv.uat.news/TVOD/5000000005000031974/bestzb/index.m3u8
   错误: HTTPConnectionPool(host='itv.uat.news', port=80): Max retries exceeded with url: /TVOD/5000000005000031974/bestzb/index.m3u8 (Caused by NameResolutionError("HTTPConnection(host='itv.uat.news', port=80): Failed to resolve 'itv.uat.news' ([Errno -2] Name or service not known)")) | 域名: itv.uat.news
[2026-09-30 20:22:31] ❌ 测速失败: http://58.19.38.162:9901/tsfile/live/1004_1.m3u8?key=txiptv&playlive=1&authid=0
   错误: HTTPConnectionPool(host='58.19.38.162', port=9901): Max retries exceeded with url: /tsfile/live/1004_1.m3u8?key=txiptv&playlive=1&authid=0 (Caused by NewConnectionError("HTTPConnection(host='58.19.38.162', port=9901): Failed to establish a new connection: [Errno 111] Connection refused")) | 域名: 58.19.38.162
[2026-09-30 20:22:31] ❌ 测速失败: http://58.19.38.162:9901/tsfile/live/1005_1.m3u8?key=txiptv&playlive=1&authid=0
   错误: HTTPConnectionPool(host='58.19.38.162', port=9901): Max retries exceeded with url: /tsfile/live/1005_1.m3u8?key=txiptv&playlive=1&authid=0 (Caused by NewConnectionError("HTTPConnection(host='58.19.38.162', port=9901): Failed to establish a new connection: [Errno 111] Connection refused")) | 域名: 58.19.38.162
[2026-09-30 20:22:31] ✅ 测速成功: http://php.jdshipin.com/TVOD/iptv.php?id=cwjd
   速度: 72.27KB/s | 数据量: 0.1KB | 总耗时: 0.66s
[2026-09-30 20:22:31] ❌ 测速失败: http://ott.mobaibox.com/PLTV/3/224/3221227520/index.m3u8
   错误: HTTPConnectionPool(host='ott.mobaibox.com', port=80): Max retries exceeded with url: /PLTV/3/224/3221227520/index.m3u8 (Caused by NewConnectionError("HTTPConnection(host='ott.mobaibox.com', port=80): Failed to establish a new connection: [Errno 101] Network is unreachable")) | 域名: ott.mobaibox.com
[2026-09-30 20:22:31] ❌ 测速失败: https://d18dyiwu97wm6q.cloudfront.net/playlist2160p.m3u8
   错误: HTTPSConnectionPool(host='d18dyiwu97wm6q.cloudfront.net', port=443): Max retries exceeded with url: /playlist2160p.m3u8 (Caused by NameResolutionError("HTTPSConnection(host='d18dyiwu97wm6q.cloudfront.net', port=443): Failed to resolve 'd18dyiwu97wm6q.cloudfront.net' ([Errno -5] No address associated with hostname)")) | 域名: d18dyiwu97wm6q.cloudfront.net
[2026-09-30 20:22:31] ❌ 测速失败: http://58.19.38.162:9901/tsfile/live/1006_1.m3u8?key=txiptv&playlive=1&authid=0
   错误: HTTPConnectionPool(host='58.19.38.162', port=9901): Max retries exceeded with url: /tsfile/live/1006_1.m3u8?key=txiptv&playlive=1&authid=0 (Caused by NewConnectionError("HTTPConnection(host='58.19.38.162', port=9901): Failed to establish a new connection: [Errno 111] Connection refused")) | 域名: 58.19.38.162
[2026-09-30 20:22:31] ✅ 测速成功: https://streams2.sofast.tv/sofastplayout/33c31ac4-51fa-46ae-afd0-0d1fe5e60a80_0_HLS/master.m3u8
   速度: 684.57KB/s | 数据量: 0.7KB | 总耗时: 0.18s
[2026-09-30 20:22:31] ❌ 测速失败: https://d2dw21aq0j0l5c.cloudfront.net/playlist.m3u8
   错误: HTTPSConnectionPool(host='d2dw21aq0j0l5c.cloudfront.net', port=443): Max retries exceeded with url: /playlist.m3u8 (Caused by NameResolutionError("HTTPSConnection(host='d2dw21aq0j0l5c.cloudfront.net', port=443): Failed to resolve 'd2dw21aq0j0l5c.cloudfront.net' ([Errno -5] No address associated with hostname)")) | 域名: d2dw21aq0j0l5c.cloudfront.net
[2026-09-30 20:22:31] ✅ 测速成功: https://wildearth-plex.amagi.tv/masterR1080p.m3u8
   速度: 1630.86KB/s | 数据量: 1.6KB | 总耗时: 0.25s
[2026-09-30 20:22:31] ✅ 测速成功: http://rbmn-live.akamaized.net/hls/live/590964/BoRB-AT/master.m3u8
   速度: 1452.15KB/s | 数据量: 1.5KB | 总耗时: 0.05s
[2026-09-30 20:22:32] ❌ 测速失败: https://fash2043.cloudycdn.services/slive/ftv_ftv_4k_hevc_73d_42080_default_466_hls.smil/playlist.m3u8
   错误: HTTPSConnectionPool(host='fash2043.cloudycdn.services', port=443): Max retries exceeded with url: /slive/ftv_ftv_4k_hevc_73d_42080_default_466_hls.smil/playlist.m3u8 (Caused by NameResolutionError("HTTPSConnection(host='fash2043.cloudycdn.services', port=443): Failed to resolve 'fash2043.cloudycdn.services' ([Errno -2] Name or service not known)")) | 域名: fash2043.cloudycdn.services
[2026-09-30 20:22:32] ❌ 测速失败: http://ott.mobaibox.com/PLTV/3/224/3221225555/index.m3u8
   错误: HTTPConnectionPool(host='ott.mobaibox.com', port=80): Max retries exceeded with url: /PLTV/3/224/3221225555/index.m3u8 (Caused by NewConnectionError("HTTPConnection(host='ott.mobaibox.com', port=80): Failed to establish a new connection: [Errno 101] Network is unreachable")) | 域名: ott.mobaibox.com
[2026-09-30 20:22:32] ✅ 测速成功: http://php.jdshipin.com/TVOD/iptv.php?id=mzt2
   速度: 666.99KB/s | 数据量: 0.7KB | 总耗时: 0.16s
[2026-09-30 20:22:32] ❌ 测速失败: http://ott.mobaibox.com/PLTV/3/224/3221228559/index.m3u8
   错误: HTTPConnectionPool(host='ott.mobaibox.com', port=80): Max retries exceeded with url: /PLTV/3/224/3221228559/index.m3u8 (Caused by NewConnectionError("HTTPConnection(host='ott.mobaibox.com', port=80): Failed to establish a new connection: [Errno 101] Network is unreachable")) | 域名: ott.mobaibox.com
[2026-09-30 20:22:32] ✅ 测速成功: http://php.jdshipin.com/TVOD/iptv.php?id=fct4
   速度: 280.27KB/s | 数据量: 0.3KB | 总耗时: 0.16s
[2026-09-30 20:22:33] ✅ 测速成功: http://php.jdshipin.com/TVOD/iptv.php?id=j1
   速度: 70.31KB/s | 数据量: 0.1KB | 总耗时: 0.13s
[2026-09-30 20:22:33] ❌ 测速失败: http://ott.mobaibox.com/PLTV/3/224/3221228579/index.m3u8
   错误: HTTPConnectionPool(host='ott.mobaibox.com', port=80): Max retries exceeded with url: /PLTV/3/224/3221228579/index.m3u8 (Caused by NewConnectionError("HTTPConnection(host='ott.mobaibox.com', port=80): Failed to establish a new connection: [Errno 101] Network is unreachable")) | 域名: ott.mobaibox.com
[2026-09-30 20:22:33] ✅ 测速成功: http://php.jdshipin.com/TVOD/iptv.php?id=viutv
   速度: 657.23KB/s | 数据量: 0.7KB | 总耗时: 0.14s
[2026-09-30 20:22:33] ✅ 测速成功: http://php.jdshipin.com/TVOD/iptv.php?id=hoytv
   速度: 71.29KB/s | 数据量: 0.1KB | 总耗时: 0.13s
[2026-09-30 20:22:33] ✅ 测速成功: http://php.jdshipin.com/TVOD/iptv.php?id=j2
   速度: 77.15KB/s | 数据量: 0.1KB | 总耗时: 0.66s
[2026-09-30 20:22:33] ✅ 测速成功: http://php.jdshipin.com:8880/TVOD/iptv.php?id=rthk31
   速度: 78.12KB/s | 数据量: 0.1KB | 总耗时: 0.16s
[2026-09-30 20:22:33] ✅ 测速成功: http://php.jdshipin.com:8880/TVOD/iptv.php?id=rthk32
   速度: 78.12KB/s | 数据量: 0.1KB | 总耗时: 0.12s
[2026-09-30 20:22:34] ❌ 测速失败: http://ott.mobaibox.com/PLTV/3/224/3221228603/index.m3u8
   错误: HTTPConnectionPool(host='ott.mobaibox.com', port=80): Max retries exceeded with url: /PLTV/3/224/3221228603/index.m3u8 (Caused by NewConnectionError("HTTPConnection(host='ott.mobaibox.com', port=80): Failed to establish a new connection: [Errno 101] Network is unreachable")) | 域名: ott.mobaibox.com
[2026-09-30 20:22:34] ✅ 测速成功: https://bcovlive-a.akamaihd.net/rce33d845cb9e42dfa302c7ac345f7858/ap-northeast-1/6282251407001/playlist.m3u8
   速度: 362.30KB/s | 数据量: 0.4KB | 总耗时: 0.18s
[2026-09-30 20:22:34] ✅ 测速成功: https://d2e1asnsl7br7b.cloudfront.net/7782e205e72f43aeb4a48ec97f66ebbe/index_5.m3u8
   速度: 546.88KB/s | 数据量: 0.5KB | 总耗时: 0.22s
[2026-09-30 20:22:34] ✅ 测速成功: http://php.jdshipin.com/TVOD/iptv.php?id=asam
   速度: 72.27KB/s | 数据量: 0.1KB | 总耗时: 0.69s
[2026-09-30 20:22:34] ✅ 测速成功: http://php.jdshipin.com/TVOD/iptv.php?id=as
   速度: 70.31KB/s | 数据量: 0.1KB | 总耗时: 0.68s
[2026-09-30 20:22:34] ❌ 测速失败: http://live-hls-web-aje.getaj.net/AJE/01.m3u8
   错误: HTTPConnectionPool(host='live-hls-web-aje.getaj.net', port=80): Max retries exceeded with url: /AJE/01.m3u8 (Caused by NameResolutionError("HTTPConnection(host='live-hls-web-aje.getaj.net', port=80): Failed to resolve 'live-hls-web-aje.getaj.net' ([Errno -2] Name or service not known)")) | 域名: live-hls-web-aje.getaj.net
[2026-09-30 20:22:34] ✅ 测速成功: https://voa-ingest.akamaized.net/hls/live/2033878/tvmc08/playlist.m3u8
   速度: 1054.69KB/s | 数据量: 1.1KB | 总耗时: 0.22s
[2026-09-30 20:22:34] ❌ 测速失败: http://ott.mobaibox.com/PLTV/3/224/3221228638/index.m3u8
   错误: HTTPConnectionPool(host='ott.mobaibox.com', port=80): Max retries exceeded with url: /PLTV/3/224/3221228638/index.m3u8 (Caused by NewConnectionError("HTTPConnection(host='ott.mobaibox.com', port=80): Failed to establish a new connection: [Errno 101] Network is unreachable")) | 域名: ott.mobaibox.com
[2026-09-30 20:22:34] ✅ 测速成功: https://d7x8z4yuq42qn.cloudfront.net/index_7.m3u8
   速度: 443.36KB/s | 数据量: 0.4KB | 总耗时: 0.12s
[2026-09-30 20:22:34] ✅ 测速成功: https://bcovlive-a.akamaihd.net/re8d9f611ee4a490a9bb59e52db91414d/us-east-1/734546207001/playlist.m3u8
   速度: 364.26KB/s | 数据量: 0.4KB | 总耗时: 0.06s
[2026-09-30 20:22:34] ✅ 测速成功: http://nmxlive.akamaized.net/hls/live/529965/Live_1/index.m3u8
   速度: 802.73KB/s | 数据量: 0.8KB | 总耗时: 0.11s
[2026-09-30 20:22:34] ✅ 测速成功: https://lightning-tracesport-samsungau.amagi.tv/playlist1080p.m3u8
   速度: 567.38KB/s | 数据量: 0.6KB | 总耗时: 0.20s
[2026-09-30 20:22:34] ❌ 测速失败: http://ott.mobaibox.com/PLTV/3/224/3221228723/index.m3u8
   错误: HTTPConnectionPool(host='ott.mobaibox.com', port=80): Max retries exceeded with url: /PLTV/3/224/3221228723/index.m3u8 (Caused by NewConnectionError("HTTPConnection(host='ott.mobaibox.com', port=80): Failed to establish a new connection: [Errno 101] Network is unreachable")) | 域名: ott.mobaibox.com
[2026-09-30 20:22:34] ✅ 测速成功: https://dikcfc9915kp8.cloudfront.net/hls/1080p/playlist.m3u8
   速度: 495.12KB/s | 数据量: 0.5KB | 总耗时: 0.44s
[2026-09-30 20:22:35] ✅ 测速成功: http://amdlive.ctnd.com.edgesuite.net/arirang_1ch/smil:arirang_1ch.smil/playlist.m3u8
   速度: 357.42KB/s | 数据量: 0.4KB | 总耗时: 0.82s
[2026-09-30 20:22:35] ✅ 测速成功: https://live-auth.51kandianshi.com/szgd/csztv1.m3u8
   速度: 286.13KB/s | 数据量: 0.3KB | 总耗时: 0.77s
[2026-09-30 20:22:35] ✅ 测速成功: https://rt-glb.rttv.com/dvr/rtnews/playlist_4500Kb.m3u8
   速度: 29619.26KB/s | 数据量: 464.2KB | 总耗时: 1.05s
[2026-09-30 20:22:35] ✅ 测速成功: https://d3olsdkvjaij5t.cloudfront.net/v1/master/3722c60a815c199d9c0ef36c5b73da68a62b09d1/cc-xr45ydzp0qwbr-prod/Channel_MBC_5.m3u8
   速度: 124.02KB/s | 数据量: 0.1KB | 总耗时: 0.95s
[2026-09-30 20:22:36] ✅ 测速成功: https://live-auth.51kandianshi.com/szgd/csztv2.m3u8
   速度: 286.13KB/s | 数据量: 0.3KB | 总耗时: 0.43s
[2026-09-30 20:22:36] ❌ 测速失败: http://ott.mobaibox.com/PLTV/3/224/3221228815/index.m3u8
   错误: HTTPConnectionPool(host='ott.mobaibox.com', port=80): Max retries exceeded with url: /PLTV/3/224/3221228815/index.m3u8 (Caused by NewConnectionError("HTTPConnection(host='ott.mobaibox.com', port=80): Failed to establish a new connection: [Errno 101] Network is unreachable")) | 域名: ott.mobaibox.com
[2026-09-30 20:22:36] ✅ 测速成功: https://live-auth.51kandianshi.com/szgd/csztv5.m3u8
   速度: 286.13KB/s | 数据量: 0.3KB | 总耗时: 0.53s
[2026-09-30 20:22:36] ✅ 测速成功: https://live-auth.51kandianshi.com/szgd/csztv3.m3u8
   速度: 286.13KB/s | 数据量: 0.3KB | 总耗时: 0.77s
[2026-09-30 20:22:36] ✅ 测速成功: https://live-auth.51kandianshi.com/szgd/csztv3.m3u8
   速度: 286.13KB/s | 数据量: 0.3KB | 总耗时: 0.35s
[2026-09-30 20:22:36] ✅ 测速成功: https://live-auth.51kandianshi.com/szgd/csztv4.m3u8
   速度: 286.13KB/s | 数据量: 0.3KB | 总耗时: 0.73s
[2026-09-30 20:22:36] ✅ 测速成功: http://kkk.jjjj.jiduo.me/api.php?n=tttt&id=0811&tk=e503191f8e20
   速度: 503.91KB/s | 数据量: 0.5KB | 总耗时: 0.21s
[2026-09-30 20:22:36] ✅ 测速成功: http://kkk.jjjj.jiduo.me/api.php?n=tttt&id=7321&tk=b53028476470
   速度: 503.91KB/s | 数据量: 0.5KB | 总耗时: 0.21s
[2026-09-30 20:22:36] ✅ 测速成功: https://live-auth.51kandianshi.com/szgd/csztv5.m3u8
   速度: 286.13KB/s | 数据量: 0.3KB | 总耗时: 0.15s
[2026-09-30 20:22:37] ✅ 测速成功: https://rt-rtd.rttv.com/dvr/rtdoc/playlist_4500Kb.m3u8
   速度: 29892.58KB/s | 数据量: 464.2KB | 总耗时: 2.15s
[2026-09-30 20:22:37] ✅ 测速成功: https://live-auth.51kandianshi.com/szgd/csztv1.m3u8
   速度: 286.13KB/s | 数据量: 0.3KB | 总耗时: 0.70s
[2026-09-30 20:22:37] ❌ 测速失败: http://106.53.99.30/公众号【榴芒电视】/proxy/migu1.php?id=szxwzh
   错误: HTTPConnectionPool(host='106.53.99.30', port=80): Max retries exceeded with url: /%E5%85%AC%E4%BC%97%E5%8F%B7%E3%80%90%E6%A6%B4%E8%8A%92%E7%94%B5%E8%A7%86%E3%80%91/proxy/migu1.php?id=szxwzh (Caused by NewConnectionError("HTTPConnection(host='106.53.99.30', port=80): Failed to establish a new connection: [Errno 111] Connection refused")) | 域名: 106.53.99.30
[2026-09-30 20:22:38] ✅ 测速成功: https://live-auth.51kandianshi.com/szgd/csztv2.m3u8
   速度: 286.13KB/s | 数据量: 0.3KB | 总耗时: 0.94s
[2026-09-30 20:22:38] ❌ 测速失败: http://ott.mobaibox.com/PLTV/3/224/3221228530/index.m3u8
   错误: HTTPConnectionPool(host='ott.mobaibox.com', port=80): Max retries exceeded with url: /PLTV/3/224/3221228530/index.m3u8 (Caused by NewConnectionError("HTTPConnection(host='ott.mobaibox.com', port=80): Failed to establish a new connection: [Errno 101] Network is unreachable")) | 域名: ott.mobaibox.com
[2026-09-30 20:22:38] ❌ 测速失败: http://php.jdshipin.com/smt.php?id=inews_twn
   错误: HTTPSConnectionPool(host='smt2.1678520.xyz', port=443): Read timed out. (read timeout=5) | 域名: php.jdshipin.com
[2026-09-30 20:22:38] ❌ 测速失败: http://ott.mobaibox.com/PLTV/3/224/3221228527/index.m3u8
   错误: HTTPConnectionPool(host='ott.mobaibox.com', port=80): Max retries exceeded with url: /PLTV/3/224/3221228527/index.m3u8 (Caused by NewConnectionError("HTTPConnection(host='ott.mobaibox.com', port=80): Failed to establish a new connection: [Errno 101] Network is unreachable")) | 域名: ott.mobaibox.com
[2026-09-30 20:22:38] ❌ 测速失败: http://ott.mobaibox.com/PLTV/3/224/3221228524/index.m3u8
   错误: HTTPConnectionPool(host='ott.mobaibox.com', port=80): Max retries exceeded with url: /PLTV/3/224/3221228524/index.m3u8 (Caused by NewConnectionError("HTTPConnection(host='ott.mobaibox.com', port=80): Failed to establish a new connection: [Errno 101] Network is unreachable")) | 域名: ott.mobaibox.com
[2026-09-30 20:22:41] ❌ 测速失败: https://stream1.freetv.fun/su-zhou-wen-hua-sheng-huo-2.m3u8
   错误: HTTPSConnectionPool(host='stream1.freetv.fun', port=443): Read timed out. (read timeout=5) | 域名: stream1.freetv.fun
[2026-09-30 20:22:41] ❌ 测速失败: http://iptv.huuc.edu.cn/hls/cctv2hd.m3u8
   错误: HTTPConnectionPool(host='iptv.huuc.edu.cn', port=80): Max retries exceeded with url: /hls/cctv2hd.m3u8 (Caused by NewConnectionError("HTTPConnection(host='iptv.huuc.edu.cn', port=80): Failed to establish a new connection: [Errno 101] Network is unreachable")) | 域名: iptv.huuc.edu.cn
[2026-09-30 20:22:41] ❌ 测速失败: http://iptv.huuc.edu.cn/hls/cctv5+hd.m3u8
   错误: HTTPConnectionPool(host='iptv.huuc.edu.cn', port=80): Max retries exceeded with url: /hls/cctv5+hd.m3u8 (Caused by NewConnectionError("HTTPConnection(host='iptv.huuc.edu.cn', port=80): Failed to establish a new connection: [Errno 101] Network is unreachable")) | 域名: iptv.huuc.edu.cn
[2026-09-30 20:22:41] ❌ 测速失败: http://iptv.huuc.edu.cn/hls/cctv5hd.m3u8
   错误: HTTPConnectionPool(host='iptv.huuc.edu.cn', port=80): Max retries exceeded with url: /hls/cctv5hd.m3u8 (Caused by NewConnectionError("HTTPConnection(host='iptv.huuc.edu.cn', port=80): Failed to establish a new connection: [Errno 101] Network is unreachable")) | 域名: iptv.huuc.edu.cn
[2026-09-30 20:22:41] ❌ 测速失败: http://iptv.huuc.edu.cn/hls/cctv4hd.m3u8
   错误: HTTPConnectionPool(host='iptv.huuc.edu.cn', port=80): Max retries exceeded with url: /hls/cctv4hd.m3u8 (Caused by NewConnectionError("HTTPConnection(host='iptv.huuc.edu.cn', port=80): Failed to establish a new connection: [Errno 101] Network is unreachable")) | 域名: iptv.huuc.edu.cn
[2026-09-30 20:22:41] ❌ 测速失败: http://iptv.huuc.edu.cn/hls/cctv3hd.m3u8
   错误: HTTPConnectionPool(host='iptv.huuc.edu.cn', port=80): Max retries exceeded with url: /hls/cctv3hd.m3u8 (Caused by NewConnectionError("HTTPConnection(host='iptv.huuc.edu.cn', port=80): Failed to establish a new connection: [Errno 101] Network is unreachable")) | 域名: iptv.huuc.edu.cn
[2026-09-30 20:22:41] ❌ 测速失败: http://iptv.huuc.edu.cn/hls/cctv1hd.m3u8
   错误: HTTPConnectionPool(host='iptv.huuc.edu.cn', port=80): Max retries exceeded with url: /hls/cctv1hd.m3u8 (Caused by NewConnectionError("HTTPConnection(host='iptv.huuc.edu.cn', port=80): Failed to establish a new connection: [Errno 101] Network is unreachable")) | 域名: iptv.huuc.edu.cn
[2026-09-30 20:22:41] ❌ 测速失败: https://stream1.freetv.fun/su-zhou-xin-wen-zong-he-13.m3u8
   错误: HTTPSConnectionPool(host='stream1.freetv.fun', port=443): Read timed out. (read timeout=5) | 域名: stream1.freetv.fun
[2026-09-30 20:22:41] ❌ 测速失败: https://stream1.freetv.fun/su-zhou-sheng-huo-zi-xun-1.m3u8
   错误: HTTPSConnectionPool(host='stream1.freetv.fun', port=443): Read timed out. (read timeout=5) | 域名: stream1.freetv.fun
[2026-09-30 20:22:42] ❌ 测速失败: https://stream1.freetv.fun/su-zhou-she-hui-jing-ji-2.m3u8
   错误: HTTPSConnectionPool(host='stream1.freetv.fun', port=443): Read timed out. (read timeout=5) | 域名: stream1.freetv.fun
[2026-09-30 20:22:44] ❌ 测速失败: http://iptv.huuc.edu.cn/hls/cctv6hd.m3u8
   错误: HTTPConnectionPool(host='iptv.huuc.edu.cn', port=80): Max retries exceeded with url: /hls/cctv6hd.m3u8 (Caused by NewConnectionError("HTTPConnection(host='iptv.huuc.edu.cn', port=80): Failed to establish a new connection: [Errno 101] Network is unreachable")) | 域名: iptv.huuc.edu.cn
[2026-09-30 20:22:44] ❌ 测速失败: http://iptv.huuc.edu.cn/hls/cctv7hd.m3u8
   错误: HTTPConnectionPool(host='iptv.huuc.edu.cn', port=80): Max retries exceeded with url: /hls/cctv7hd.m3u8 (Caused by NewConnectionError("HTTPConnection(host='iptv.huuc.edu.cn', port=80): Failed to establish a new connection: [Errno 101] Network is unreachable")) | 域名: iptv.huuc.edu.cn
[2026-09-30 20:22:44] ❌ 测速失败: http://iptv.huuc.edu.cn/hls/cctv11hd.m3u8
   错误: HTTPConnectionPool(host='iptv.huuc.edu.cn', port=80): Max retries exceeded with url: /hls/cctv11hd.m3u8 (Caused by NewConnectionError("HTTPConnection(host='iptv.huuc.edu.cn', port=80): Failed to establish a new connection: [Errno 101] Network is unreachable")) | 域名: iptv.huuc.edu.cn
[2026-09-30 20:22:44] ❌ 测速失败: http://iptv.huuc.edu.cn/hls/cctv10hd.m3u8
   错误: HTTPConnectionPool(host='iptv.huuc.edu.cn', port=80): Max retries exceeded with url: /hls/cctv10hd.m3u8 (Caused by NewConnectionError("HTTPConnection(host='iptv.huuc.edu.cn', port=80): Failed to establish a new connection: [Errno 101] Network is unreachable")) | 域名: iptv.huuc.edu.cn
[2026-09-30 20:22:44] ❌ 测速失败: http://iptv.huuc.edu.cn/hls/cctv12hd.m3u8
   错误: HTTPConnectionPool(host='iptv.huuc.edu.cn', port=80): Max retries exceeded with url: /hls/cctv12hd.m3u8 (Caused by NewConnectionError("HTTPConnection(host='iptv.huuc.edu.cn', port=80): Failed to establish a new connection: [Errno 101] Network is unreachable")) | 域名: iptv.huuc.edu.cn
[2026-09-30 20:22:44] ❌ 测速失败: http://iptv.huuc.edu.cn/hls/cctv8hd.m3u8
   错误: HTTPConnectionPool(host='iptv.huuc.edu.cn', port=80): Max retries exceeded with url: /hls/cctv8hd.m3u8 (Caused by NewConnectionError("HTTPConnection(host='iptv.huuc.edu.cn', port=80): Failed to establish a new connection: [Errno 101] Network is unreachable")) | 域名: iptv.huuc.edu.cn
[2026-09-30 20:22:44] ❌ 测速失败: http://iptv.huuc.edu.cn/hls/cctv9hd.m3u8
   错误: HTTPConnectionPool(host='iptv.huuc.edu.cn', port=80): Max retries exceeded with url: /hls/cctv9hd.m3u8 (Caused by NewConnectionError("HTTPConnection(host='iptv.huuc.edu.cn', port=80): Failed to establish a new connection: [Errno 101] Network is unreachable")) | 域名: iptv.huuc.edu.cn
[2026-09-30 20:22:44] ❌ 测速失败: http://iptv.huuc.edu.cn/hls/cctv13hd.m3u8
   错误: HTTPConnectionPool(host='iptv.huuc.edu.cn', port=80): Max retries exceeded with url: /hls/cctv13hd.m3u8 (Caused by NewConnectionError("HTTPConnection(host='iptv.huuc.edu.cn', port=80): Failed to establish a new connection: [Errno 101] Network is unreachable")) | 域名: iptv.huuc.edu.cn
[2026-09-30 20:22:44] ❌ 测速失败: http://iptv.huuc.edu.cn/hls/cctv14hd.m3u8
   错误: HTTPConnectionPool(host='iptv.huuc.edu.cn', port=80): Max retries exceeded with url: /hls/cctv14hd.m3u8 (Caused by NewConnectionError("HTTPConnection(host='iptv.huuc.edu.cn', port=80): Failed to establish a new connection: [Errno 101] Network is unreachable")) | 域名: iptv.huuc.edu.cn
[2026-09-30 20:22:45] ❌ 测速失败: http://iptv.huuc.edu.cn/hls/cgtnhd.m3u8
   错误: HTTPConnectionPool(host='iptv.huuc.edu.cn', port=80): Max retries exceeded with url: /hls/cgtnhd.m3u8 (Caused by NewConnectionError("HTTPConnection(host='iptv.huuc.edu.cn', port=80): Failed to establish a new connection: [Errno 101] Network is unreachable")) | 域名: iptv.huuc.edu.cn
[2026-09-30 20:22:47] ❌ 测速失败: http://iptv.huuc.edu.cn/hls/btv1hd.m3u8
   错误: HTTPConnectionPool(host='iptv.huuc.edu.cn', port=80): Max retries exceeded with url: /hls/btv1hd.m3u8 (Caused by NewConnectionError("HTTPConnection(host='iptv.huuc.edu.cn', port=80): Failed to establish a new connection: [Errno 101] Network is unreachable")) | 域名: iptv.huuc.edu.cn
[2026-09-30 20:22:47] ❌ 测速失败: http://iptv.huuc.edu.cn/hls/btv2hd.m3u8
   错误: HTTPConnectionPool(host='iptv.huuc.edu.cn', port=80): Max retries exceeded with url: /hls/btv2hd.m3u8 (Caused by NewConnectionError("HTTPConnection(host='iptv.huuc.edu.cn', port=80): Failed to establish a new connection: [Errno 101] Network is unreachable")) | 域名: iptv.huuc.edu.cn
[2026-09-30 20:22:47] ❌ 测速失败: http://iptv.huuc.edu.cn/hls/btv6hd.m3u8
   错误: HTTPConnectionPool(host='iptv.huuc.edu.cn', port=80): Max retries exceeded with url: /hls/btv6hd.m3u8 (Caused by NewConnectionError("HTTPConnection(host='iptv.huuc.edu.cn', port=80): Failed to establish a new connection: [Errno 101] Network is unreachable")) | 域名: iptv.huuc.edu.cn
[2026-09-30 20:22:47] ❌ 测速失败: http://iptv.huuc.edu.cn/hls/btv9hd.m3u8
   错误: HTTPConnectionPool(host='iptv.huuc.edu.cn', port=80): Max retries exceeded with url: /hls/btv9hd.m3u8 (Caused by NewConnectionError("HTTPConnection(host='iptv.huuc.edu.cn', port=80): Failed to establish a new connection: [Errno 101] Network is unreachable")) | 域名: iptv.huuc.edu.cn
[2026-09-30 20:22:47] ❌ 测速失败: http://iptv.huuc.edu.cn/hls/btv4hd.m3u8
   错误: HTTPConnectionPool(host='iptv.huuc.edu.cn', port=80): Max retries exceeded with url: /hls/btv4hd.m3u8 (Caused by NewConnectionError("HTTPConnection(host='iptv.huuc.edu.cn', port=80): Failed to establish a new connection: [Errno 101] Network is unreachable")) | 域名: iptv.huuc.edu.cn
[2026-09-30 20:22:47] ❌ 测速失败: http://iptv.huuc.edu.cn/hls/btv11hd.m3u8
   错误: HTTPConnectionPool(host='iptv.huuc.edu.cn', port=80): Max retries exceeded with url: /hls/btv11hd.m3u8 (Caused by NewConnectionError("HTTPConnection(host='iptv.huuc.edu.cn', port=80): Failed to establish a new connection: [Errno 101] Network is unreachable")) | 域名: iptv.huuc.edu.cn
[2026-09-30 20:22:47] ❌ 测速失败: http://iptv.huuc.edu.cn/hls/hunanhd.m3u8
   错误: HTTPConnectionPool(host='iptv.huuc.edu.cn', port=80): Max retries exceeded with url: /hls/hunanhd.m3u8 (Caused by NewConnectionError("HTTPConnection(host='iptv.huuc.edu.cn', port=80): Failed to establish a new connection: [Errno 101] Network is unreachable")) | 域名: iptv.huuc.edu.cn
[2026-09-30 20:22:47] ❌ 测速失败: http://iptv.huuc.edu.cn/hls/zjhd.m3u8
   错误: HTTPConnectionPool(host='iptv.huuc.edu.cn', port=80): Max retries exceeded with url: /hls/zjhd.m3u8 (Caused by NewConnectionError("HTTPConnection(host='iptv.huuc.edu.cn', port=80): Failed to establish a new connection: [Errno 101] Network is unreachable")) | 域名: iptv.huuc.edu.cn
[2026-09-30 20:22:48] ❌ 测速失败: http://iptv.huuc.edu.cn/hls/jshd.m3u8
   错误: HTTPConnectionPool(host='iptv.huuc.edu.cn', port=80): Max retries exceeded with url: /hls/jshd.m3u8 (Caused by NewConnectionError("HTTPConnection(host='iptv.huuc.edu.cn', port=80): Failed to establish a new connection: [Errno 101] Network is unreachable")) | 域名: iptv.huuc.edu.cn
[2026-09-30 20:22:48] ❌ 测速失败: http://iptv.huuc.edu.cn/hls/dfhd.m3u8
   错误: HTTPConnectionPool(host='iptv.huuc.edu.cn', port=80): Max retries exceeded with url: /hls/dfhd.m3u8 (Caused by NewConnectionError("HTTPConnection(host='iptv.huuc.edu.cn', port=80): Failed to establish a new connection: [Errno 101] Network is unreachable")) | 域名: iptv.huuc.edu.cn
[2026-09-30 20:22:50] ❌ 测速失败: http://iptv.huuc.edu.cn/hls/ahhd.m3u8
   错误: HTTPConnectionPool(host='iptv.huuc.edu.cn', port=80): Max retries exceeded with url: /hls/ahhd.m3u8 (Caused by NewConnectionError("HTTPConnection(host='iptv.huuc.edu.cn', port=80): Failed to establish a new connection: [Errno 101] Network is unreachable")) | 域名: iptv.huuc.edu.cn
[2026-09-30 20:22:50] ❌ 测速失败: http://iptv.huuc.edu.cn/hls/szhd.m3u8
   错误: HTTPConnectionPool(host='iptv.huuc.edu.cn', port=80): Max retries exceeded with url: /hls/szhd.m3u8 (Caused by NewConnectionError("HTTPConnection(host='iptv.huuc.edu.cn', port=80): Failed to establish a new connection: [Errno 101] Network is unreachable")) | 域名: iptv.huuc.edu.cn
[2026-09-30 20:22:50] ❌ 测速失败: http://iptv.huuc.edu.cn/hls/hljhd.m3u8
   错误: HTTPConnectionPool(host='iptv.huuc.edu.cn', port=80): Max retries exceeded with url: /hls/hljhd.m3u8 (Caused by NewConnectionError("HTTPConnection(host='iptv.huuc.edu.cn', port=80): Failed to establish a new connection: [Errno 101] Network is unreachable")) | 域名: iptv.huuc.edu.cn
[2026-09-30 20:22:50] ❌ 测速失败: http://iptv.huuc.edu.cn/hls/hbhd.m3u8
   错误: HTTPConnectionPool(host='iptv.huuc.edu.cn', port=80): Max retries exceeded with url: /hls/hbhd.m3u8 (Caused by NewConnectionError("HTTPConnection(host='iptv.huuc.edu.cn', port=80): Failed to establish a new connection: [Errno 101] Network is unreachable")) | 域名: iptv.huuc.edu.cn
[2026-09-30 20:22:50] ❌ 测速失败: http://iptv.huuc.edu.cn/hls/lnhd.m3u8
   错误: HTTPConnectionPool(host='iptv.huuc.edu.cn', port=80): Max retries exceeded with url: /hls/lnhd.m3u8 (Caused by NewConnectionError("HTTPConnection(host='iptv.huuc.edu.cn', port=80): Failed to establish a new connection: [Errno 101] Network is unreachable")) | 域名: iptv.huuc.edu.cn
[2026-09-30 20:22:50] ❌ 测速失败: http://iptv.huuc.edu.cn/hls/tjhd.m3u8
   错误: HTTPConnectionPool(host='iptv.huuc.edu.cn', port=80): Max retries exceeded with url: /hls/tjhd.m3u8 (Caused by NewConnectionError("HTTPConnection(host='iptv.huuc.edu.cn', port=80): Failed to establish a new connection: [Errno 101] Network is unreachable")) | 域名: iptv.huuc.edu.cn
[2026-09-30 20:22:50] ❌ 测速失败: http://iptv.huuc.edu.cn/hls/gdhd.m3u8
   错误: HTTPConnectionPool(host='iptv.huuc.edu.cn', port=80): Max retries exceeded with url: /hls/gdhd.m3u8 (Caused by NewConnectionError("HTTPConnection(host='iptv.huuc.edu.cn', port=80): Failed to establish a new connection: [Errno 101] Network is unreachable")) | 域名: iptv.huuc.edu.cn
[2026-09-30 20:22:50] ❌ 测速失败: http://iptv.huuc.edu.cn/hls/sdhd.m3u8
   错误: HTTPConnectionPool(host='iptv.huuc.edu.cn', port=80): Max retries exceeded with url: /hls/sdhd.m3u8 (Caused by NewConnectionError("HTTPConnection(host='iptv.huuc.edu.cn', port=80): Failed to establish a new connection: [Errno 101] Network is unreachable")) | 域名: iptv.huuc.edu.cn
[2026-09-30 20:22:51] ❌ 测速失败: http://iptv.huuc.edu.cn/hls/cqhd.m3u8
   错误: HTTPConnectionPool(host='iptv.huuc.edu.cn', port=80): Max retries exceeded with url: /hls/cqhd.m3u8 (Caused by NewConnectionError("HTTPConnection(host='iptv.huuc.edu.cn', port=80): Failed to establish a new connection: [Errno 101] Network is unreachable")) | 域名: iptv.huuc.edu.cn
[2026-09-30 20:22:51] ❌ 测速失败: http://iptv.huuc.edu.cn/hls/docuchina.m3u8
   错误: HTTPConnectionPool(host='iptv.huuc.edu.cn', port=80): Max retries exceeded with url: /hls/docuchina.m3u8 (Caused by NewConnectionError("HTTPConnection(host='iptv.huuc.edu.cn', port=80): Failed to establish a new connection: [Errno 101] Network is unreachable")) | 域名: iptv.huuc.edu.cn
[2026-09-30 20:22:53] ❌ 测速失败: http://iptv.huuc.edu.cn/hls/schd.m3u8
   错误: HTTPConnectionPool(host='iptv.huuc.edu.cn', port=80): Max retries exceeded with url: /hls/schd.m3u8 (Caused by NewConnectionError("HTTPConnection(host='iptv.huuc.edu.cn', port=80): Failed to establish a new connection: [Errno 101] Network is unreachable")) | 域名: iptv.huuc.edu.cn
[2026-09-30 20:22:53] ❌ 测速失败: http://iptv.huuc.edu.cn/hls/gedocu.m3u8
   错误: HTTPConnectionPool(host='iptv.huuc.edu.cn', port=80): Max retries exceeded with url: /hls/gedocu.m3u8 (Caused by NewConnectionError("HTTPConnection(host='iptv.huuc.edu.cn', port=80): Failed to establish a new connection: [Errno 101] Network is unreachable")) | 域名: iptv.huuc.edu.cn
[2026-09-30 20:22:53] ❌ 测速失败: http://iptv.huuc.edu.cn/hls/dnhd.m3u8
   错误: HTTPConnectionPool(host='iptv.huuc.edu.cn', port=80): Max retries exceeded with url: /hls/dnhd.m3u8 (Caused by NewConnectionError("HTTPConnection(host='iptv.huuc.edu.cn', port=80): Failed to establish a new connection: [Errno 101] Network is unreachable")) | 域名: iptv.huuc.edu.cn
[2026-09-30 20:22:53] ❌ 测速失败: http://iptv.huuc.edu.cn/hls/hebhd.m3u8
   错误: HTTPConnectionPool(host='iptv.huuc.edu.cn', port=80): Max retries exceeded with url: /hls/hebhd.m3u8 (Caused by NewConnectionError("HTTPConnection(host='iptv.huuc.edu.cn', port=80): Failed to establish a new connection: [Errno 101] Network is unreachable")) | 域名: iptv.huuc.edu.cn
[2026-09-30 20:22:53] ❌ 测速失败: http://iptv.huuc.edu.cn/hls/jxhd.m3u8
   错误: HTTPConnectionPool(host='iptv.huuc.edu.cn', port=80): Max retries exceeded with url: /hls/jxhd.m3u8 (Caused by NewConnectionError("HTTPConnection(host='iptv.huuc.edu.cn', port=80): Failed to establish a new connection: [Errno 101] Network is unreachable")) | 域名: iptv.huuc.edu.cn
[2026-09-30 20:22:54] ✅ 测速成功: https://ali-m-l.cztv.com/channels/lantian/channel010/1080p.m3u8
   速度: 291.99KB/s | 数据量: 0.3KB | 总耗时: 3.41s
[2026-09-30 20:22:54] ✅ 测速成功: https://ali-m-l.cztv.com/channels/lantian/channel004/1080p.m3u8
   速度: 291.99KB/s | 数据量: 0.3KB | 总耗时: 3.23s
[2026-09-30 20:22:54] ✅ 测速成功: https://ali-m-l.cztv.com/channels/lantian/channel012/1080p.m3u8
   速度: 291.99KB/s | 数据量: 0.3KB | 总耗时: 2.98s
[2026-09-30 20:22:54] ✅ 测速成功: https://ali-m-l.cztv.com/channels/lantian/channel006/1080p.m3u8
   速度: 289.06KB/s | 数据量: 0.3KB | 总耗时: 1.02s
[2026-09-30 20:22:54] ✅ 测速成功: https://ali-m-l.cztv.com/channels/lantian/channel007/1080p.m3u8
   速度: 291.99KB/s | 数据量: 0.3KB | 总耗时: 3.95s
[2026-09-30 20:22:54] ✅ 测速成功: https://ali-m-l.cztv.com/channels/lantian/channel008/1080p.m3u8
   速度: 291.99KB/s | 数据量: 0.3KB | 总耗时: 3.93s
[2026-09-30 20:22:54] ✅ 测速成功: https://ali-m-l.cztv.com/channels/lantian/channel002/1080p.m3u8
   速度: 291.99KB/s | 数据量: 0.3KB | 总耗时: 0.91s
[2026-09-30 20:22:55] ✅ 测速成功: https://ali-m-l.cztv.com/channels/lantian/channel003/1080p.m3u8
   速度: 291.99KB/s | 数据量: 0.3KB | 总耗时: 1.05s
[2026-09-30 20:22:55] ✅ 测速成功: https://livestream-bt.nmtv.cn/nmtv/2317general.m3u8?txSecret=112b2c4c872de52b0f37aff6ead63ef0&txTime=771E8800
   速度: 0.00KB/s | 数据量: 0.0KB | 总耗时: 1.55s
[2026-09-30 20:22:55] ✅ 测速成功: https://livestream-bt.nmtv.cn/nmtv/2320general.m3u8?txSecret=4d368a175afa19737a9f5be10af24fe2&txTime=771E8800
   速度: 0.00KB/s | 数据量: 0.0KB | 总耗时: 1.04s
[2026-09-30 20:22:55] ✅ 测速成功: https://livestream-bt.nmtv.cn/nmtv/2318general.m3u8?txSecret=a2c948908728a0733cecbe1fadea23dc&txTime=771E8800
   速度: 0.00KB/s | 数据量: 0.0KB | 总耗时: 1.21s
[2026-09-30 20:22:55] ✅ 测速成功: https://livestream-bt.nmtv.cn/nmtv/2316general.m3u8?txSecret=b4373417a82ed64e52b0982a66da8df2&txTime=771E8800
   速度: 0.00KB/s | 数据量: 0.0KB | 总耗时: 1.57s
[2026-09-30 20:22:55] ✅ 测速成功: https://livestream-bt.nmtv.cn/nmtv/2315general.m3u8?txSecret=4971666599ef9411629213c9a300bf66&txTime=771EF880
   速度: 0.00KB/s | 数据量: 0.0KB | 总耗时: 1.05s
[2026-09-30 20:22:55] ✅ 测速成功: https://livestream-bt.nmtv.cn/nmtv/2319general.m3u8?txSecret=c7b5c515d2bb6df442492d54955329a3&txTime=771E8800
   速度: 0.00KB/s | 数据量: 0.0KB | 总耗时: 1.23s
[2026-09-30 20:22:55] ✅ 测速成功: https://0472.org/hls/cgtn.m3u8
   速度: 125.98KB/s | 数据量: 0.1KB | 总耗时: 0.22s
[2026-09-30 20:22:55] ✅ 测速成功: https://0472.org/hls/cgtnd.m3u8
   速度: 125.98KB/s | 数据量: 0.1KB | 总耗时: 0.23s
[2026-09-30 20:22:55] ✅ 测速成功: https://0472.org/hls/cgtne.m3u8
   速度: 182.62KB/s | 数据量: 0.2KB | 总耗时: 0.22s
[2026-09-30 20:22:55] ✅ 测速成功: https://0472.org/hls/cgtnf.m3u8
   速度: 183.59KB/s | 数据量: 0.2KB | 总耗时: 0.09s
[2026-09-30 20:22:55] ❌ 测速失败: http://[2409:8087:8:21::18]:6610/otttv.bj.chinamobile.com/PLTV/88888888/224/3221226895/1.m3u8?
   错误: HTTPConnectionPool(host='2409:8087:8:21::18', port=6610): Max retries exceeded with url: /otttv.bj.chinamobile.com/PLTV/88888888/224/3221226895/1.m3u8 (Caused by NewConnectionError("HTTPConnection(host='2409:8087:8:21::18', port=6610): Failed to establish a new connection: [Errno 101] Network is unreachable")) | 域名: [2409
[2026-09-30 20:22:55] ❌ 测速失败: http://[2409:8087:8:21::18]:6610/otttv.bj.chinamobile.com/PLTV/88888888/224/3221226893/1.m3u8?
   错误: HTTPConnectionPool(host='2409:8087:8:21::18', port=6610): Max retries exceeded with url: /otttv.bj.chinamobile.com/PLTV/88888888/224/3221226893/1.m3u8 (Caused by NewConnectionError("HTTPConnection(host='2409:8087:8:21::18', port=6610): Failed to establish a new connection: [Errno 101] Network is unreachable")) | 域名: [2409
[2026-09-30 20:22:55] ❌ 测速失败: http://[2409:8087:8:21::18]:6610/otttv.bj.chinamobile.com/PLTV/88888888/224/3221226471/1.m3u8?
   错误: HTTPConnectionPool(host='2409:8087:8:21::18', port=6610): Max retries exceeded with url: /otttv.bj.chinamobile.com/PLTV/88888888/224/3221226471/1.m3u8 (Caused by NewConnectionError("HTTPConnection(host='2409:8087:8:21::18', port=6610): Failed to establish a new connection: [Errno 101] Network is unreachable")) | 域名: [2409
[2026-09-30 20:22:55] ❌ 测速失败: http://[2409:8087:8:21::18]:6610/otttv.bj.chinamobile.com/PLTV/88888888/224/3221226335/1.m3u8?
   错误: HTTPConnectionPool(host='2409:8087:8:21::18', port=6610): Max retries exceeded with url: /otttv.bj.chinamobile.com/PLTV/88888888/224/3221226335/1.m3u8 (Caused by NewConnectionError("HTTPConnection(host='2409:8087:8:21::18', port=6610): Failed to establish a new connection: [Errno 101] Network is unreachable")) | 域名: [2409
[2026-09-30 20:22:55] ❌ 测速失败: http://[2409:8087:8:21::18]:6610/otttv.bj.chinamobile.com/PLTV/88888888/224/3221226469/1.m3u8?
   错误: HTTPConnectionPool(host='2409:8087:8:21::18', port=6610): Max retries exceeded with url: /otttv.bj.chinamobile.com/PLTV/88888888/224/3221226469/1.m3u8 (Caused by NewConnectionError("HTTPConnection(host='2409:8087:8:21::18', port=6610): Failed to establish a new connection: [Errno 101] Network is unreachable")) | 域名: [2409
[2026-09-30 20:22:55] ❌ 测速失败: http://[2409:8087:8:21::18]:6610/otttv.bj.chinamobile.com/PLTV/88888888/224/3221226894/1.m3u8?
   错误: HTTPConnectionPool(host='2409:8087:8:21::18', port=6610): Max retries exceeded with url: /otttv.bj.chinamobile.com/PLTV/88888888/224/3221226894/1.m3u8 (Caused by NewConnectionError("HTTPConnection(host='2409:8087:8:21::18', port=6610): Failed to establish a new connection: [Errno 101] Network is unreachable")) | 域名: [2409
[2026-09-30 20:22:55] ❌ 测速失败: http://[2409:8087:8:21::18]:6610/otttv.bj.chinamobile.com/PLTV/88888888/224/3221226468/1.m3u8?
   错误: HTTPConnectionPool(host='2409:8087:8:21::18', port=6610): Max retries exceeded with url: /otttv.bj.chinamobile.com/PLTV/88888888/224/3221226468/1.m3u8 (Caused by NewConnectionError("HTTPConnection(host='2409:8087:8:21::18', port=6610): Failed to establish a new connection: [Errno 101] Network is unreachable")) | 域名: [2409
[2026-09-30 20:22:55] ❌ 测速失败: http://[2409:8087:8:21::18]:6610/otttv.bj.chinamobile.com/PLTV/88888888/224/3221226946/1.m3u8?
   错误: HTTPConnectionPool(host='2409:8087:8:21::18', port=6610): Max retries exceeded with url: /otttv.bj.chinamobile.com/PLTV/88888888/224/3221226946/1.m3u8 (Caused by NewConnectionError("HTTPConnection(host='2409:8087:8:21::18', port=6610): Failed to establish a new connection: [Errno 101] Network is unreachable")) | 域名: [2409
[2026-09-30 20:22:55] ❌ 测速失败: http://[2409:8087:8:21::18]:6610/otttv.bj.chinamobile.com/PLTV/88888888/224/3221226485/1.m3u8?
   错误: HTTPConnectionPool(host='2409:8087:8:21::18', port=6610): Max retries exceeded with url: /otttv.bj.chinamobile.com/PLTV/88888888/224/3221226485/1.m3u8 (Caused by NewConnectionError("HTTPConnection(host='2409:8087:8:21::18', port=6610): Failed to establish a new connection: [Errno 101] Network is unreachable")) | 域名: [2409
[2026-09-30 20:22:55] ❌ 测速失败: http://[2409:8087:8:21::18]:6610/otttv.bj.chinamobile.com/PLTV/88888888/224/3221226944/1.m3u8?
   错误: HTTPConnectionPool(host='2409:8087:8:21::18', port=6610): Max retries exceeded with url: /otttv.bj.chinamobile.com/PLTV/88888888/224/3221226944/1.m3u8 (Caused by NewConnectionError("HTTPConnection(host='2409:8087:8:21::18', port=6610): Failed to establish a new connection: [Errno 101] Network is unreachable")) | 域名: [2409
[2026-09-30 20:22:55] ❌ 测速失败: http://[2409:8087:8:21::18]:6610/otttv.bj.chinamobile.com/PLTV/88888888/224/3221226937/1.m3u8?
   错误: HTTPConnectionPool(host='2409:8087:8:21::18', port=6610): Max retries exceeded with url: /otttv.bj.chinamobile.com/PLTV/88888888/224/3221226937/1.m3u8 (Caused by NewConnectionError("HTTPConnection(host='2409:8087:8:21::18', port=6610): Failed to establish a new connection: [Errno 101] Network is unreachable")) | 域名: [2409
[2026-09-30 20:22:55] ❌ 测速失败: http://[2409:8087:8:21::18]:6610/otttv.bj.chinamobile.com/PLTV/88888888/224/3221226334/1.m3u8?
   错误: HTTPConnectionPool(host='2409:8087:8:21::18', port=6610): Max retries exceeded with url: /otttv.bj.chinamobile.com/PLTV/88888888/224/3221226334/1.m3u8 (Caused by NewConnectionError("HTTPConnection(host='2409:8087:8:21::18', port=6610): Failed to establish a new connection: [Errno 101] Network is unreachable")) | 域名: [2409
[2026-09-30 20:22:55] ❌ 测速失败: http://[2409:8087:8:21::18]:6610/otttv.bj.chinamobile.com/PLTV/88888888/224/3221226942/1.m3u8?
   错误: HTTPConnectionPool(host='2409:8087:8:21::18', port=6610): Max retries exceeded with url: /otttv.bj.chinamobile.com/PLTV/88888888/224/3221226942/1.m3u8 (Caused by NewConnectionError("HTTPConnection(host='2409:8087:8:21::18', port=6610): Failed to establish a new connection: [Errno 101] Network is unreachable")) | 域名: [2409
[2026-09-30 20:22:55] ❌ 测速失败: http://[2409:8087:8:21::18]:6610/otttv.bj.chinamobile.com/PLTV/88888888/224/3221226316/1.m3u8?
   错误: HTTPConnectionPool(host='2409:8087:8:21::18', port=6610): Max retries exceeded with url: /otttv.bj.chinamobile.com/PLTV/88888888/224/3221226316/1.m3u8 (Caused by NewConnectionError("HTTPConnection(host='2409:8087:8:21::18', port=6610): Failed to establish a new connection: [Errno 101] Network is unreachable")) | 域名: [2409
[2026-09-30 20:22:55] ❌ 测速失败: http://[2409:8087:8:21::18]:6610/otttv.bj.chinamobile.com/PLTV/88888888/224/3221226947/1.m3u8?
   错误: HTTPConnectionPool(host='2409:8087:8:21::18', port=6610): Max retries exceeded with url: /otttv.bj.chinamobile.com/PLTV/88888888/224/3221226947/1.m3u8 (Caused by NewConnectionError("HTTPConnection(host='2409:8087:8:21::18', port=6610): Failed to establish a new connection: [Errno 101] Network is unreachable")) | 域名: [2409
[2026-09-30 20:22:55] ❌ 测速失败: http://[2409:8087:8:21::18]:6610/otttv.bj.chinamobile.com/PLTV/88888888/224/3221226333/1.m3u8?
   错误: HTTPConnectionPool(host='2409:8087:8:21::18', port=6610): Max retries exceeded with url: /otttv.bj.chinamobile.com/PLTV/88888888/224/3221226333/1.m3u8 (Caused by NewConnectionError("HTTPConnection(host='2409:8087:8:21::18', port=6610): Failed to establish a new connection: [Errno 101] Network is unreachable")) | 域名: [2409
[2026-09-30 20:22:55] ❌ 测速失败: http://[2409:8087:8:21::18]:6610/otttv.bj.chinamobile.com/PLTV/88888888/224/3221227002/1.m3u8?
   错误: HTTPConnectionPool(host='2409:8087:8:21::18', port=6610): Max retries exceeded with url: /otttv.bj.chinamobile.com/PLTV/88888888/224/3221227002/1.m3u8 (Caused by NewConnectionError("HTTPConnection(host='2409:8087:8:21::18', port=6610): Failed to establish a new connection: [Errno 101] Network is unreachable")) | 域名: [2409
[2026-09-30 20:22:55] ❌ 测速失败: http://[2409:8087:8:21::18]:6610/otttv.bj.chinamobile.com/PLTV/88888888/224/3221226318/1.m3u8?
   错误: HTTPConnectionPool(host='2409:8087:8:21::18', port=6610): Max retries exceeded with url: /otttv.bj.chinamobile.com/PLTV/88888888/224/3221226318/1.m3u8 (Caused by NewConnectionError("HTTPConnection(host='2409:8087:8:21::18', port=6610): Failed to establish a new connection: [Errno 101] Network is unreachable")) | 域名: [2409
[2026-09-30 20:22:55] ❌ 测速失败: http://[2409:8087:8:21::18]:6610/otttv.bj.chinamobile.com/PLTV/88888888/224/3221226900/1.m3u8?GuardEncType=2&accountinfo=%7E%7EV2.0%7EcYPi33WFyhvd6SjmqUKhJg%7EtP4-l0lmSfjwLWEfK_el1vH_mv-s1zo4AQJwdedaVwG9xkuFTDg8J26cwOrNJzn20BErrHdLhuZ9EzLUCD3PMW-OMx4MGteHV2vLeW6BqoY%2CEND
   错误: HTTPConnectionPool(host='2409:8087:8:21::18', port=6610): Max retries exceeded with url: /otttv.bj.chinamobile.com/PLTV/88888888/224/3221226900/1.m3u8?GuardEncType=2&accountinfo=~~V2.0~cYPi33WFyhvd6SjmqUKhJg~tP4-l0lmSfjwLWEfK_el1vH_mv-s1zo4AQJwdedaVwG9xkuFTDg8J26cwOrNJzn20BErrHdLhuZ9EzLUCD3PMW-OMx4MGteHV2vLeW6BqoY%2CEND (Caused by NewConnectionError("HTTPConnection(host='2409:8087:8:21::18', port=6610): Failed to establish a new connection: [Errno 101] Network is unreachable")) | 域名: [2409
[2026-09-30 20:22:55] ❌ 测速失败: http://[2409:8087:8:21::18]:6610/otttv.bj.chinamobile.com/PLTV/88888888/224/3221226898/1.m3u8?GuardEncType=2&accountinfo=%7E%7EV2.0%7E0uh4lyjjBCCN7TCq21vSIQ%7EtP4-l0lmSfjwLWEfK_el1vH_mv-s1zo4AQJwdedaVwG9xkuFTDg8J26cwOrNJzn20BErrHdLhuZ9EzLUCD3PMW-OMx4MGteHV2vLeW6BqoY%2CEND
   错误: HTTPConnectionPool(host='2409:8087:8:21::18', port=6610): Max retries exceeded with url: /otttv.bj.chinamobile.com/PLTV/88888888/224/3221226898/1.m3u8?GuardEncType=2&accountinfo=~~V2.0~0uh4lyjjBCCN7TCq21vSIQ~tP4-l0lmSfjwLWEfK_el1vH_mv-s1zo4AQJwdedaVwG9xkuFTDg8J26cwOrNJzn20BErrHdLhuZ9EzLUCD3PMW-OMx4MGteHV2vLeW6BqoY%2CEND (Caused by NewConnectionError("HTTPConnection(host='2409:8087:8:21::18', port=6610): Failed to establish a new connection: [Errno 101] Network is unreachable")) | 域名: [2409
[2026-09-30 20:22:55] ❌ 测速失败: http://[2409:8087:8:21::18]:6610/otttv.bj.chinamobile.com/PLTV/88888888/224/3221226899/1.m3u8?GuardEncType=2&accountinfo=%7E%7EV2.0%7ETYfTgTra_pUx2cPrgZ_BDw%7EtP4-l0lmSfjwLWEfK_el1vH_mv-s1zo4AQJwdedaVwG9xkuFTDg8J26cwOrNJzn20BErrHdLhuZ9EzLUCD3PMW-OMx4MGteHV2vLeW6BqoY%2CEND
   错误: HTTPConnectionPool(host='2409:8087:8:21::18', port=6610): Max retries exceeded with url: /otttv.bj.chinamobile.com/PLTV/88888888/224/3221226899/1.m3u8?GuardEncType=2&accountinfo=~~V2.0~TYfTgTra_pUx2cPrgZ_BDw~tP4-l0lmSfjwLWEfK_el1vH_mv-s1zo4AQJwdedaVwG9xkuFTDg8J26cwOrNJzn20BErrHdLhuZ9EzLUCD3PMW-OMx4MGteHV2vLeW6BqoY%2CEND (Caused by NewConnectionError("HTTPConnection(host='2409:8087:8:21::18', port=6610): Failed to establish a new connection: [Errno 101] Network is unreachable")) | 域名: [2409
[2026-09-30 20:22:55] ❌ 测速失败: http://[2409:8087:8:21::18]:6610/otttv.bj.chinamobile.com/PLTV/88888888/224/3221226897/1.m3u8?GuardEncType=2&accountinfo=%7E%7EV2.0%7E0BmO6uHF7WFoTed__Xr3NQ%7EtP4-l0lmSfjwLWEfK_el1vH_mv-s1zo4AQJwdedaVwG9xkuFTDg8J26cwOrNJzn20BErrHdLhuZ9EzLUCD3PMW-OMx4MGteHV2vLeW6BqoY%2CEND
   错误: HTTPConnectionPool(host='2409:8087:8:21::18', port=6610): Max retries exceeded with url: /otttv.bj.chinamobile.com/PLTV/88888888/224/3221226897/1.m3u8?GuardEncType=2&accountinfo=~~V2.0~0BmO6uHF7WFoTed__Xr3NQ~tP4-l0lmSfjwLWEfK_el1vH_mv-s1zo4AQJwdedaVwG9xkuFTDg8J26cwOrNJzn20BErrHdLhuZ9EzLUCD3PMW-OMx4MGteHV2vLeW6BqoY%2CEND (Caused by NewConnectionError("HTTPConnection(host='2409:8087:8:21::18', port=6610): Failed to establish a new connection: [Errno 101] Network is unreachable")) | 域名: [2409
[2026-09-30 20:22:55] ❌ 测速失败: http://[2409:8087:8:21::18]:6610/otttv.bj.chinamobile.com/PLTV/88888888/224/3221226961/1.m3u8?GuardEncType=2&accountinfo=%7E%7EV2.0%7E2MGyx659D_aaDPP0qt3NgA%7EtP4-l0lmSfjwLWEfK_el1vH_mv-s1zo4AQJwdedaVwG9xkuFTDg8J26cwOrNJzn20BErrHdLhuZ9EzLUCD3PMW-OMx4MGteHV2vLeW6BqoY%2CEND
   错误: HTTPConnectionPool(host='2409:8087:8:21::18', port=6610): Max retries exceeded with url: /otttv.bj.chinamobile.com/PLTV/88888888/224/3221226961/1.m3u8?GuardEncType=2&accountinfo=~~V2.0~2MGyx659D_aaDPP0qt3NgA~tP4-l0lmSfjwLWEfK_el1vH_mv-s1zo4AQJwdedaVwG9xkuFTDg8J26cwOrNJzn20BErrHdLhuZ9EzLUCD3PMW-OMx4MGteHV2vLeW6BqoY%2CEND (Caused by NewConnectionError("HTTPConnection(host='2409:8087:8:21::18', port=6610): Failed to establish a new connection: [Errno 101] Network is unreachable")) | 域名: [2409
[2026-09-30 20:22:55] ❌ 测速失败: http://[2409:8087:8:21::18]:6610/otttv.bj.chinamobile.com/PLTV/88888888/224/3221226509/1.m3u8?zoneoffset=480&servicetype=1&icpid=&limitflux=-1&limitdur=-1&tenantId=8601&accountinfo=%7E%7EV2.0%7EIGb_ib7rnBX9_sANRKq9sg%7EpK8OKM5JoJWWbLRyLfPcUMkwWZ90MzSI9S9PDltJsYzd0ZGcS3Tkh7syciNKJa-w60mDOdwtDyoNwCx9aRgzHNH9AUREV_qvNJtXHRPzYw0%7EExtInfo9bj61dxzlMXrsixrqcFYPg%3D%3D%3A20221022013542%2C915973%2C119.123.71.209%2C20221022013542%2C10000100000000050000000003873458%2C915973%2C-1%2C0%2C1%2C%2C%2C2%2C%2C%2C%2C2%2C%2C10000100000000060000000007253514_0%2CEND&GuardEncType=2
   错误: HTTPConnectionPool(host='2409:8087:8:21::18', port=6610): Max retries exceeded with url: /otttv.bj.chinamobile.com/PLTV/88888888/224/3221226509/1.m3u8?zoneoffset=480&servicetype=1&icpid=&limitflux=-1&limitdur=-1&tenantId=8601&accountinfo=~~V2.0~IGb_ib7rnBX9_sANRKq9sg~pK8OKM5JoJWWbLRyLfPcUMkwWZ90MzSI9S9PDltJsYzd0ZGcS3Tkh7syciNKJa-w60mDOdwtDyoNwCx9aRgzHNH9AUREV_qvNJtXHRPzYw0~ExtInfo9bj61dxzlMXrsixrqcFYPg%3D%3D%3A20221022013542%2C915973%2C119.123.71.209%2C20221022013542%2C10000100000000050000000003873458%2C915973%2C-1%2C0%2C1%2C%2C%2C2%2C%2C%2C%2C2%2C%2C10000100000000060000000007253514_0%2CEND&GuardEncType=2 (Caused by NewConnectionError("HTTPConnection(host='2409:8087:8:21::18', port=6610): Failed to establish a new connection: [Errno 101] Network is unreachable")) | 域名: [2409
[2026-09-30 20:22:55] ❌ 测速失败: http://[2409:8087:8:21::18]:6610/otttv.bj.chinamobile.com/PLTV/88888888/224/3221226959/1.m3u8?GuardEncType=2&accountinfo=%7E%7EV2.0%7EGrVNEZREjuNVKiTJo2mtwg%7EtP4-l0lmSfjwLWEfK_el1vH_mv-s1zo4AQJwdedaVwG9xkuFTDg8J26cwOrNJzn20BErrHdLhuZ9EzLUCD3PMW-OMx4MGteHV2vLeW6BqoY%2CEND
   错误: HTTPConnectionPool(host='2409:8087:8:21::18', port=6610): Max retries exceeded with url: /otttv.bj.chinamobile.com/PLTV/88888888/224/3221226959/1.m3u8?GuardEncType=2&accountinfo=~~V2.0~GrVNEZREjuNVKiTJo2mtwg~tP4-l0lmSfjwLWEfK_el1vH_mv-s1zo4AQJwdedaVwG9xkuFTDg8J26cwOrNJzn20BErrHdLhuZ9EzLUCD3PMW-OMx4MGteHV2vLeW6BqoY%2CEND (Caused by NewConnectionError("HTTPConnection(host='2409:8087:8:21::18', port=6610): Failed to establish a new connection: [Errno 101] Network is unreachable")) | 域名: [2409
[2026-09-30 20:22:55] ❌ 测速失败: http://[2409:8087:8:21::18]:6610/otttv.bj.chinamobile.com/PLTV/88888888/224/3221226995/1.m3u8?GuardEncType=2&accountinfo=%7E%7EV2.0%7EBQiz3wrGrpG0CUSRIJ-7Jg%7EtP4-l0lmSfjwLWEfK_el1vH_mv-s1zo4AQJwdedaVwG9xkuFTDg8J26cwOrNJzn20BErrHdLhuZ9EzLUCD3PMW-OMx4MGteHV2vLeW6BqoY%2CEND
   错误: HTTPConnectionPool(host='2409:8087:8:21::18', port=6610): Max retries exceeded with url: /otttv.bj.chinamobile.com/PLTV/88888888/224/3221226995/1.m3u8?GuardEncType=2&accountinfo=~~V2.0~BQiz3wrGrpG0CUSRIJ-7Jg~tP4-l0lmSfjwLWEfK_el1vH_mv-s1zo4AQJwdedaVwG9xkuFTDg8J26cwOrNJzn20BErrHdLhuZ9EzLUCD3PMW-OMx4MGteHV2vLeW6BqoY%2CEND (Caused by NewConnectionError("HTTPConnection(host='2409:8087:8:21::18', port=6610): Failed to establish a new connection: [Errno 101] Network is unreachable")) | 域名: [2409
[2026-09-30 20:22:55] ❌ 测速失败: http://[2409:8087:8:21::18]:6610/otttv.bj.chinamobile.com/PLTV/88888888/224/3221226954/1.m3u8?GuardEncType=2&accountinfo=%7E%7EV2.0%7Eaf3wyULP1h575eM_4ByMDg%7EtP4-l0lmSfjwLWEfK_el1vH_mv-s1zo4AQJwdedaVwG9xkuFTDg8J26cwOrNJzn20BErrHdLhuZ9EzLUCD3PMW-OMx4MGteHV2vLeW6BqoY%2CEND
   错误: HTTPConnectionPool(host='2409:8087:8:21::18', port=6610): Max retries exceeded with url: /otttv.bj.chinamobile.com/PLTV/88888888/224/3221226954/1.m3u8?GuardEncType=2&accountinfo=~~V2.0~af3wyULP1h575eM_4ByMDg~tP4-l0lmSfjwLWEfK_el1vH_mv-s1zo4AQJwdedaVwG9xkuFTDg8J26cwOrNJzn20BErrHdLhuZ9EzLUCD3PMW-OMx4MGteHV2vLeW6BqoY%2CEND (Caused by NewConnectionError("HTTPConnection(host='2409:8087:8:21::18', port=6610): Failed to establish a new connection: [Errno 101] Network is unreachable")) | 域名: [2409
[2026-09-30 20:22:55] ❌ 测速失败: http://[2409:8087:8:21::18]:6610/otttv.bj.chinamobile.com/PLTV/88888888/224/3221226966/1.m3u8?GuardEncType=2&accountinfo=%7E%7EV2.0%7E6qJH8Fd-zgCGx3P-Ce86cA%7EtP4-l0lmSfjwLWEfK_el1vH_mv-s1zo4AQJwdedaVwG9xkuFTDg8J26cwOrNJzn20BErrHdLhuZ9EzLUCD3PMW-OMx4MGteHV2vLeW6BqoY%2CEND
   错误: HTTPConnectionPool(host='2409:8087:8:21::18', port=6610): Max retries exceeded with url: /otttv.bj.chinamobile.com/PLTV/88888888/224/3221226966/1.m3u8?GuardEncType=2&accountinfo=~~V2.0~6qJH8Fd-zgCGx3P-Ce86cA~tP4-l0lmSfjwLWEfK_el1vH_mv-s1zo4AQJwdedaVwG9xkuFTDg8J26cwOrNJzn20BErrHdLhuZ9EzLUCD3PMW-OMx4MGteHV2vLeW6BqoY%2CEND (Caused by NewConnectionError("HTTPConnection(host='2409:8087:8:21::18', port=6610): Failed to establish a new connection: [Errno 101] Network is unreachable")) | 域名: [2409
[2026-09-30 20:22:55] ❌ 测速失败: http://[2409:8087:8:21::18]:6610/otttv.bj.chinamobile.com/PLTV/88888888/224/3221226965/1.m3u8?GuardEncType=2&accountinfo=%7E%7EV2.0%7E7UiKL56-L86ihmTWaZ6csw%7EtP4-l0lmSfjwLWEfK_el1vH_mv-s1zo4AQJwdedaVwG9xkuFTDg8J26cwOrNJzn20BErrHdLhuZ9EzLUCD3PMW-OMx4MGteHV2vLeW6BqoY%2CEND
   错误: HTTPConnectionPool(host='2409:8087:8:21::18', port=6610): Max retries exceeded with url: /otttv.bj.chinamobile.com/PLTV/88888888/224/3221226965/1.m3u8?GuardEncType=2&accountinfo=~~V2.0~7UiKL56-L86ihmTWaZ6csw~tP4-l0lmSfjwLWEfK_el1vH_mv-s1zo4AQJwdedaVwG9xkuFTDg8J26cwOrNJzn20BErrHdLhuZ9EzLUCD3PMW-OMx4MGteHV2vLeW6BqoY%2CEND (Caused by NewConnectionError("HTTPConnection(host='2409:8087:8:21::18', port=6610): Failed to establish a new connection: [Errno 101] Network is unreachable")) | 域名: [2409
[2026-09-30 20:22:55] ✅ 测速成功: https://0472.org/hls/cgtnx.m3u8
   速度: 183.59KB/s | 数据量: 0.2KB | 总耗时: 0.10s
[2026-09-30 20:22:55] ❌ 测速失败: http://[2409:8087:8:21::18]:6610/otttv.bj.chinamobile.com/PLTV/88888888/224/3221227015/1.m3u8?GuardEncType=2&accountinfo=%7E%7EV2.0%7EW5-3AVdwD5KlUpuA4mz7Cg%7EtP4-l0lmSfjwLWEfK_el1vH_mv-s1zo4AQJwdedaVwG9xkuFTDg8J26cwOrNJzn20BErrHdLhuZ9EzLUCD3PMW-OMx4MGteHV2vLeW6BqoY%2CEND
   错误: HTTPConnectionPool(host='2409:8087:8:21::18', port=6610): Max retries exceeded with url: /otttv.bj.chinamobile.com/PLTV/88888888/224/3221227015/1.m3u8?GuardEncType=2&accountinfo=~~V2.0~W5-3AVdwD5KlUpuA4mz7Cg~tP4-l0lmSfjwLWEfK_el1vH_mv-s1zo4AQJwdedaVwG9xkuFTDg8J26cwOrNJzn20BErrHdLhuZ9EzLUCD3PMW-OMx4MGteHV2vLeW6BqoY%2CEND (Caused by NewConnectionError("HTTPConnection(host='2409:8087:8:21::18', port=6610): Failed to establish a new connection: [Errno 101] Network is unreachable")) | 域名: [2409
[2026-09-30 20:22:55] ❌ 测速失败: http://[2409:8087:8:21::18]:6610/otttv.bj.chinamobile.com/PLTV/88888888/224/3221227029/1.m3u8?GuardEncType=2&accountinfo=%7E%7EV2.0%7EEuBMjt2kLMD8fAO7QYER7Q%7EtP4-l0lmSfjwLWEfK_el1vH_mv-s1zo4AQJwdedaVwG9xkuFTDg8J26cwOrNJzn20BErrHdLhuZ9EzLUCD3PMW-OMx4MGteHV2vLeW6BqoY%2CEND
   错误: HTTPConnectionPool(host='2409:8087:8:21::18', port=6610): Max retries exceeded with url: /otttv.bj.chinamobile.com/PLTV/88888888/224/3221227029/1.m3u8?GuardEncType=2&accountinfo=~~V2.0~EuBMjt2kLMD8fAO7QYER7Q~tP4-l0lmSfjwLWEfK_el1vH_mv-s1zo4AQJwdedaVwG9xkuFTDg8J26cwOrNJzn20BErrHdLhuZ9EzLUCD3PMW-OMx4MGteHV2vLeW6BqoY%2CEND (Caused by NewConnectionError("HTTPConnection(host='2409:8087:8:21::18', port=6610): Failed to establish a new connection: [Errno 101] Network is unreachable")) | 域名: [2409
[2026-09-30 20:22:55] ❌ 测速失败: http://[2409:8087:8:21::18]:6610/otttv.bj.chinamobile.com/PLTV/88888888/224/3221227010/1.m3u8?GuardEncType=2&accountinfo=%7E%7EV2.0%7EkAhb-89sxdm9fz6-heXCuw%7EtP4-l0lmSfjwLWEfK_el1vH_mv-s1zo4AQJwdedaVwG9xkuFTDg8J26cwOrNJzn20BErrHdLhuZ9EzLUCD3PMW-OMx4MGteHV2vLeW6BqoY%2CEND
   错误: HTTPConnectionPool(host='2409:8087:8:21::18', port=6610): Max retries exceeded with url: /otttv.bj.chinamobile.com/PLTV/88888888/224/3221227010/1.m3u8?GuardEncType=2&accountinfo=~~V2.0~kAhb-89sxdm9fz6-heXCuw~tP4-l0lmSfjwLWEfK_el1vH_mv-s1zo4AQJwdedaVwG9xkuFTDg8J26cwOrNJzn20BErrHdLhuZ9EzLUCD3PMW-OMx4MGteHV2vLeW6BqoY%2CEND (Caused by NewConnectionError("HTTPConnection(host='2409:8087:8:21::18', port=6610): Failed to establish a new connection: [Errno 101] Network is unreachable")) | 域名: [2409
[2026-09-30 20:22:55] ❌ 测速失败: http://[2409:8087:8:21::18]:6610/otttv.bj.chinamobile.com/PLTV/88888888/224/3221227014/1.m3u8?GuardEncType=2&accountinfo=%7E%7EV2.0%7ErSGjhI3DMaaAASPrbQJYTg%7EtP4-l0lmSfjwLWEfK_el1vH_mv-s1zo4AQJwdedaVwG9xkuFTDg8J26cwOrNJzn20BErrHdLhuZ9EzLUCD3PMW-OMx4MGteHV2vLeW6BqoY%2CEND
   错误: HTTPConnectionPool(host='2409:8087:8:21::18', port=6610): Max retries exceeded with url: /otttv.bj.chinamobile.com/PLTV/88888888/224/3221227014/1.m3u8?GuardEncType=2&accountinfo=~~V2.0~rSGjhI3DMaaAASPrbQJYTg~tP4-l0lmSfjwLWEfK_el1vH_mv-s1zo4AQJwdedaVwG9xkuFTDg8J26cwOrNJzn20BErrHdLhuZ9EzLUCD3PMW-OMx4MGteHV2vLeW6BqoY%2CEND (Caused by NewConnectionError("HTTPConnection(host='2409:8087:8:21::18', port=6610): Failed to establish a new connection: [Errno 101] Network is unreachable")) | 域名: [2409
[2026-09-30 20:22:55] ✅ 测速成功: https://0472.org/hls/cgtna.m3u8
   速度: 147.19KB/s | 数据量: 0.2KB | 总耗时: 0.10s
[2026-09-30 20:22:55] ❌ 测速失败: http://[2409:8087:8:21::18]:6610/otttv.bj.chinamobile.com/PLTV/88888888/224/3221226957/1.m3u8?GuardEncType=2&accountinfo=%7E%7EV2.0%7EjW26v5VaHGy1jQuIA-4EbA%7EtP4-l0lmSfjwLWEfK_el1vH_mv-s1zo4AQJwdedaVwG9xkuFTDg8J26cwOrNJzn20BErrHdLhuZ9EzLUCD3PMW-OMx4MGteHV2vLeW6BqoY%2CEND
   错误: HTTPConnectionPool(host='2409:8087:8:21::18', port=6610): Max retries exceeded with url: /otttv.bj.chinamobile.com/PLTV/88888888/224/3221226957/1.m3u8?GuardEncType=2&accountinfo=~~V2.0~jW26v5VaHGy1jQuIA-4EbA~tP4-l0lmSfjwLWEfK_el1vH_mv-s1zo4AQJwdedaVwG9xkuFTDg8J26cwOrNJzn20BErrHdLhuZ9EzLUCD3PMW-OMx4MGteHV2vLeW6BqoY%2CEND (Caused by NewConnectionError("HTTPConnection(host='2409:8087:8:21::18', port=6610): Failed to establish a new connection: [Errno 101] Network is unreachable")) | 域名: [2409
[2026-09-30 20:22:55] ❌ 测速失败: http://[2409:8087:8:21::18]:6610/otttv.bj.chinamobile.com/PLTV/88888888/224/3221227016/1.m3u8?GuardEncType=2&accountinfo=%7E%7EV2.0%7ESb5Qr3NTpE2ZugIroKoyTw%7EtP4-l0lmSfjwLWEfK_el1vH_mv-s1zo4AQJwdedaVwG9xkuFTDg8J26cwOrNJzn20BErrHdLhuZ9EzLUCD3PMW-OMx4MGteHV2vLeW6BqoY%2CEND
   错误: HTTPConnectionPool(host='2409:8087:8:21::18', port=6610): Max retries exceeded with url: /otttv.bj.chinamobile.com/PLTV/88888888/224/3221227016/1.m3u8?GuardEncType=2&accountinfo=~~V2.0~Sb5Qr3NTpE2ZugIroKoyTw~tP4-l0lmSfjwLWEfK_el1vH_mv-s1zo4AQJwdedaVwG9xkuFTDg8J26cwOrNJzn20BErrHdLhuZ9EzLUCD3PMW-OMx4MGteHV2vLeW6BqoY%2CEND (Caused by NewConnectionError("HTTPConnection(host='2409:8087:8:21::18', port=6610): Failed to establish a new connection: [Errno 101] Network is unreachable")) | 域名: [2409
[2026-09-30 20:22:55] ❌ 测速失败: http://[2409:8087:8:21::18]:6610/otttv.bj.chinamobile.com/PLTV/88888888/224/3221226956/1.m3u8?GuardEncType=2&accountinfo=%7E%7EV2.0%7Ei6ZIpVizXlewg-YfGvH8dA%7EtP4-l0lmSfjwLWEfK_el1vH_mv-s1zo4AQJwdedaVwG9xkuFTDg8J26cwOrNJzn20BErrHdLhuZ9EzLUCD3PMW-OMx4MGteHV2vLeW6BqoY%2CEND
   错误: HTTPConnectionPool(host='2409:8087:8:21::18', port=6610): Max retries exceeded with url: /otttv.bj.chinamobile.com/PLTV/88888888/224/3221226956/1.m3u8?GuardEncType=2&accountinfo=~~V2.0~i6ZIpVizXlewg-YfGvH8dA~tP4-l0lmSfjwLWEfK_el1vH_mv-s1zo4AQJwdedaVwG9xkuFTDg8J26cwOrNJzn20BErrHdLhuZ9EzLUCD3PMW-OMx4MGteHV2vLeW6BqoY%2CEND (Caused by NewConnectionError("HTTPConnection(host='2409:8087:8:21::18', port=6610): Failed to establish a new connection: [Errno 101] Network is unreachable")) | 域名: [2409
[2026-09-30 20:22:55] ❌ 测速失败: http://[2409:8087:8:21::18]:6610/otttv.bj.chinamobile.com/PLTV/88888888/224/3221226963/1.m3u8?GuardEncType=2&accountinfo=%7E%7EV2.0%7EjTXsJprEx2nE38tdvu5lhA%7EtP4-l0lmSfjwLWEfK_el1vH_mv-s1zo4AQJwdedaVwG9xkuFTDg8J26cwOrNJzn20BErrHdLhuZ9EzLUCD3PMW-OMx4MGteHV2vLeW6BqoY%2CEND
   错误: HTTPConnectionPool(host='2409:8087:8:21::18', port=6610): Max retries exceeded with url: /otttv.bj.chinamobile.com/PLTV/88888888/224/3221226963/1.m3u8?GuardEncType=2&accountinfo=~~V2.0~jTXsJprEx2nE38tdvu5lhA~tP4-l0lmSfjwLWEfK_el1vH_mv-s1zo4AQJwdedaVwG9xkuFTDg8J26cwOrNJzn20BErrHdLhuZ9EzLUCD3PMW-OMx4MGteHV2vLeW6BqoY%2CEND (Caused by NewConnectionError("HTTPConnection(host='2409:8087:8:21::18', port=6610): Failed to establish a new connection: [Errno 101] Network is unreachable")) | 域名: [2409
[2026-09-30 20:22:55] ❌ 测速失败: http://[2409:8087:8:21::18]:6610/otttv.bj.chinamobile.com/PLTV/88888888/224/3221226952/1.m3u8?GuardEncType=2&accountinfo=%7E%7EV2.0%7EREB40lnZnCEwjRy7LZuhIQ%7EtP4-l0lmSfjwLWEfK_el1vH_mv-s1zo4AQJwdedaVwG9xkuFTDg8J26cwOrNJzn20BErrHdLhuZ9EzLUCD3PMW-OMx4MGteHV2vLeW6BqoY%2CEND
   错误: HTTPConnectionPool(host='2409:8087:8:21::18', port=6610): Max retries exceeded with url: /otttv.bj.chinamobile.com/PLTV/88888888/224/3221226952/1.m3u8?GuardEncType=2&accountinfo=~~V2.0~REB40lnZnCEwjRy7LZuhIQ~tP4-l0lmSfjwLWEfK_el1vH_mv-s1zo4AQJwdedaVwG9xkuFTDg8J26cwOrNJzn20BErrHdLhuZ9EzLUCD3PMW-OMx4MGteHV2vLeW6BqoY%2CEND (Caused by NewConnectionError("HTTPConnection(host='2409:8087:8:21::18', port=6610): Failed to establish a new connection: [Errno 101] Network is unreachable")) | 域名: [2409
[2026-09-30 20:22:55] ❌ 测速失败: http://[2409:8087:8:21::18]:6610/otttv.bj.chinamobile.com/PLTV/88888888/224/3221226991/1.m3u8?GuardEncType=2&accountinfo=%7E%7EV2.0%7EQ6F5Mjgs0tJyEArWFL3vQA%7EtP4-l0lmSfjwLWEfK_el1vH_mv-s1zo4AQJwdedaVwG9xkuFTDg8J26cwOrNJzn20BErrHdLhuZ9EzLUCD3PMW-OMx4MGteHV2vLeW6BqoY%2CEND
   错误: HTTPConnectionPool(host='2409:8087:8:21::18', port=6610): Max retries exceeded with url: /otttv.bj.chinamobile.com/PLTV/88888888/224/3221226991/1.m3u8?GuardEncType=2&accountinfo=~~V2.0~Q6F5Mjgs0tJyEArWFL3vQA~tP4-l0lmSfjwLWEfK_el1vH_mv-s1zo4AQJwdedaVwG9xkuFTDg8J26cwOrNJzn20BErrHdLhuZ9EzLUCD3PMW-OMx4MGteHV2vLeW6BqoY%2CEND (Caused by NewConnectionError("HTTPConnection(host='2409:8087:8:21::18', port=6610): Failed to establish a new connection: [Errno 101] Network is unreachable")) | 域名: [2409
[2026-09-30 20:22:55] ❌ 测速失败: http://[2409:8087:8:21::18]:6610/otttv.bj.chinamobile.com/PLTV/88888888/224/3221226999/1.m3u8?GuardEncType=2&accountinfo=%7E%7EV2.0%7EsGLKaSqf0wDZMbAjeQtfyw%7EtP4-l0lmSfjwLWEfK_el1vH_mv-s1zo4AQJwdedaVwG9xkuFTDg8J26cwOrNJzn20BErrHdLhuZ9EzLUCD3PMW-OMx4MGteHV2vLeW6BqoY%2CEND
   错误: HTTPConnectionPool(host='2409:8087:8:21::18', port=6610): Max retries exceeded with url: /otttv.bj.chinamobile.com/PLTV/88888888/224/3221226999/1.m3u8?GuardEncType=2&accountinfo=~~V2.0~sGLKaSqf0wDZMbAjeQtfyw~tP4-l0lmSfjwLWEfK_el1vH_mv-s1zo4AQJwdedaVwG9xkuFTDg8J26cwOrNJzn20BErrHdLhuZ9EzLUCD3PMW-OMx4MGteHV2vLeW6BqoY%2CEND (Caused by NewConnectionError("HTTPConnection(host='2409:8087:8:21::18', port=6610): Failed to establish a new connection: [Errno 101] Network is unreachable")) | 域名: [2409
[2026-09-30 20:22:55] ❌ 测速失败: http://[2409:8087:8:21::18]:6610/otttv.bj.chinamobile.com/PLTV/88888888/224/3221227017/1.m3u8?GuardEncType=2&accountinfo=%7E%7EV2.0%7EacviHy_ucMT27Ymf2iLtZA%7EtP4-l0lmSfjwLWEfK_el1vH_mv-s1zo4AQJwdedaVwG9xkuFTDg8J26cwOrNJzn20BErrHdLhuZ9EzLUCD3PMW-OMx4MGteHV2vLeW6BqoY%2CEND
   错误: HTTPConnectionPool(host='2409:8087:8:21::18', port=6610): Max retries exceeded with url: /otttv.bj.chinamobile.com/PLTV/88888888/224/3221227017/1.m3u8?GuardEncType=2&accountinfo=~~V2.0~acviHy_ucMT27Ymf2iLtZA~tP4-l0lmSfjwLWEfK_el1vH_mv-s1zo4AQJwdedaVwG9xkuFTDg8J26cwOrNJzn20BErrHdLhuZ9EzLUCD3PMW-OMx4MGteHV2vLeW6BqoY%2CEND (Caused by NewConnectionError("HTTPConnection(host='2409:8087:8:21::18', port=6610): Failed to establish a new connection: [Errno 101] Network is unreachable")) | 域名: [2409
[2026-09-30 20:22:55] ❌ 测速失败: http://[2409:8087:8:21::18]:6610/otttv.bj.chinamobile.com/PLTV/88888888/224/3221227028/1.m3u8?GuardEncType=2&accountinfo=%7E%7EV2.0%7EGfQPqRNVeBjTMsZ48qu0SA%7EtP4-l0lmSfjwLWEfK_el1vH_mv-s1zo4AQJwdedaVwG9xkuFTDg8J26cwOrNJzn20BErrHdLhuZ9EzLUCD3PMW-OMx4MGteHV2vLeW6BqoY%2CEND
   错误: HTTPConnectionPool(host='2409:8087:8:21::18', port=6610): Max retries exceeded with url: /otttv.bj.chinamobile.com/PLTV/88888888/224/3221227028/1.m3u8?GuardEncType=2&accountinfo=~~V2.0~GfQPqRNVeBjTMsZ48qu0SA~tP4-l0lmSfjwLWEfK_el1vH_mv-s1zo4AQJwdedaVwG9xkuFTDg8J26cwOrNJzn20BErrHdLhuZ9EzLUCD3PMW-OMx4MGteHV2vLeW6BqoY%2CEND (Caused by NewConnectionError("HTTPConnection(host='2409:8087:8:21::18', port=6610): Failed to establish a new connection: [Errno 101] Network is unreachable")) | 域名: [2409
[2026-09-30 20:22:55] ❌ 测速失败: http://[2409:8087:8:21::18]:6610/otttv.bj.chinamobile.com/PLTV/88888888/224/3221226943/1.m3u8?GuardEncType=2&accountinfo=%7E%7EV2.0%7E0QmKQ_slRCwvVVUUfxPVbw%7EtP4-l0lmSfjwLWEfK_el1vH_mv-s1zo4AQJwdedaVwG9xkuFTDg8J26cwOrNJzn20BErrHdLhuZ9EzLUCD3PMW-OMx4MGteHV2vLeW6BqoY%2CEND
   错误: HTTPConnectionPool(host='2409:8087:8:21::18', port=6610): Max retries exceeded with url: /otttv.bj.chinamobile.com/PLTV/88888888/224/3221226943/1.m3u8?GuardEncType=2&accountinfo=~~V2.0~0QmKQ_slRCwvVVUUfxPVbw~tP4-l0lmSfjwLWEfK_el1vH_mv-s1zo4AQJwdedaVwG9xkuFTDg8J26cwOrNJzn20BErrHdLhuZ9EzLUCD3PMW-OMx4MGteHV2vLeW6BqoY%2CEND (Caused by NewConnectionError("HTTPConnection(host='2409:8087:8:21::18', port=6610): Failed to establish a new connection: [Errno 101] Network is unreachable")) | 域名: [2409
[2026-09-30 20:22:55] ❌ 测速失败: http://[2409:8087:8:21::18]:6610/otttv.bj.chinamobile.com/PLTV/88888888/224/3221227012/1.m3u8?GuardEncType=2&accountinfo=%7E%7EV2.0%7EnqBF03rFwPucF8ODtWxLQQ%7EtP4-l0lmSfjwLWEfK_el1vH_mv-s1zo4AQJwdedaVwG9xkuFTDg8J26cwOrNJzn20BErrHdLhuZ9EzLUCD3PMW-OMx4MGteHV2vLeW6BqoY%2CEND
   错误: HTTPConnectionPool(host='2409:8087:8:21::18', port=6610): Max retries exceeded with url: /otttv.bj.chinamobile.com/PLTV/88888888/224/3221227012/1.m3u8?GuardEncType=2&accountinfo=~~V2.0~nqBF03rFwPucF8ODtWxLQQ~tP4-l0lmSfjwLWEfK_el1vH_mv-s1zo4AQJwdedaVwG9xkuFTDg8J26cwOrNJzn20BErrHdLhuZ9EzLUCD3PMW-OMx4MGteHV2vLeW6BqoY%2CEND (Caused by NewConnectionError("HTTPConnection(host='2409:8087:8:21::18', port=6610): Failed to establish a new connection: [Errno 101] Network is unreachable")) | 域名: [2409
[2026-09-30 20:22:55] ❌ 测速失败: http://[2409:8087:8:21::18]:6610/otttv.bj.chinamobile.com/PLTV/88888888/224/3221227003/1.m3u8?GuardEncType=2&accountinfo=%7E%7EV2.0%7ESco1zinvdUYzleEkXYhIvA%7EtP4-l0lmSfjwLWEfK_el1vH_mv-s1zo4AQJwdedaVwG9xkuFTDg8J26cwOrNJzn20BErrHdLhuZ9EzLUCD3PMW-OMx4MGteHV2vLeW6BqoY%2CEND
   错误: HTTPConnectionPool(host='2409:8087:8:21::18', port=6610): Max retries exceeded with url: /otttv.bj.chinamobile.com/PLTV/88888888/224/3221227003/1.m3u8?GuardEncType=2&accountinfo=~~V2.0~Sco1zinvdUYzleEkXYhIvA~tP4-l0lmSfjwLWEfK_el1vH_mv-s1zo4AQJwdedaVwG9xkuFTDg8J26cwOrNJzn20BErrHdLhuZ9EzLUCD3PMW-OMx4MGteHV2vLeW6BqoY%2CEND (Caused by NewConnectionError("HTTPConnection(host='2409:8087:8:21::18', port=6610): Failed to establish a new connection: [Errno 101] Network is unreachable")) | 域名: [2409
[2026-09-30 20:22:55] ❌ 测速失败: http://[2409:8087:8:21::18]:6610/otttv.bj.chinamobile.com/PLTV/88888888/224/3221227011/1.m3u8?GuardEncType=2&accountinfo=%7E%7EV2.0%7ExAUu61iVvo_xYbANWJhgXw%7EtP4-l0lmSfjwLWEfK_el1vH_mv-s1zo4AQJwdedaVwG9xkuFTDg8J26cwOrNJzn20BErrHdLhuZ9EzLUCD3PMW-OMx4MGteHV2vLeW6BqoY%2CEND
   错误: HTTPConnectionPool(host='2409:8087:8:21::18', port=6610): Max retries exceeded with url: /otttv.bj.chinamobile.com/PLTV/88888888/224/3221227011/1.m3u8?GuardEncType=2&accountinfo=~~V2.0~xAUu61iVvo_xYbANWJhgXw~tP4-l0lmSfjwLWEfK_el1vH_mv-s1zo4AQJwdedaVwG9xkuFTDg8J26cwOrNJzn20BErrHdLhuZ9EzLUCD3PMW-OMx4MGteHV2vLeW6BqoY%2CEND (Caused by NewConnectionError("HTTPConnection(host='2409:8087:8:21::18', port=6610): Failed to establish a new connection: [Errno 101] Network is unreachable")) | 域名: [2409
[2026-09-30 20:22:55] ❌ 测速失败: http://[2409:8087:8:21::18]:6610/otttv.bj.chinamobile.com/PLTV/88888888/224/3221227018/1.m3u8?GuardEncType=2&accountinfo=%7E%7EV2.0%7ErN_hoRDwApMKnJqiNHvn9w%7EtP4-l0lmSfjwLWEfK_el1vH_mv-s1zo4AQJwdedaVwG9xkuFTDg8J26cwOrNJzn20BErrHdLhuZ9EzLUCD3PMW-OMx4MGteHV2vLeW6BqoY%2CEND
   错误: HTTPConnectionPool(host='2409:8087:8:21::18', port=6610): Max retries exceeded with url: /otttv.bj.chinamobile.com/PLTV/88888888/224/3221227018/1.m3u8?GuardEncType=2&accountinfo=~~V2.0~rN_hoRDwApMKnJqiNHvn9w~tP4-l0lmSfjwLWEfK_el1vH_mv-s1zo4AQJwdedaVwG9xkuFTDg8J26cwOrNJzn20BErrHdLhuZ9EzLUCD3PMW-OMx4MGteHV2vLeW6BqoY%2CEND (Caused by NewConnectionError("HTTPConnection(host='2409:8087:8:21::18', port=6610): Failed to establish a new connection: [Errno 101] Network is unreachable")) | 域名: [2409
[2026-09-30 20:22:55] ❌ 测速失败: http://[2409:8087:8:21::18]:6610/otttv.bj.chinamobile.com/PLTV/88888888/224/3221227020/1.m3u8?GuardEncType=2&accountinfo=%7E%7EV2.0%7Err-CLugPnTcUinEM8JeySg%7EtP4-l0lmSfjwLWEfK_el1vH_mv-s1zo4AQJwdedaVwG9xkuFTDg8J26cwOrNJzn20BErrHdLhuZ9EzLUCD3PMW-OMx4MGteHV2vLeW6BqoY%2CEND
   错误: HTTPConnectionPool(host='2409:8087:8:21::18', port=6610): Max retries exceeded with url: /otttv.bj.chinamobile.com/PLTV/88888888/224/3221227020/1.m3u8?GuardEncType=2&accountinfo=~~V2.0~rr-CLugPnTcUinEM8JeySg~tP4-l0lmSfjwLWEfK_el1vH_mv-s1zo4AQJwdedaVwG9xkuFTDg8J26cwOrNJzn20BErrHdLhuZ9EzLUCD3PMW-OMx4MGteHV2vLeW6BqoY%2CEND (Caused by NewConnectionError("HTTPConnection(host='2409:8087:8:21::18', port=6610): Failed to establish a new connection: [Errno 101] Network is unreachable")) | 域名: [2409
[2026-09-30 20:22:55] ❌ 测速失败: http://[2409:8087:8:21::18]:6610/otttv.bj.chinamobile.com/PLTV/88888888/224/3221227033/1.m3u8?GuardEncType=2&accountinfo=%7E%7EV2.0%7EdeTB7OZ9G_VNJk5C3t96fQ%7EtP4-l0lmSfjwLWEfK_el1vH_mv-s1zo4AQJwdedaVwG9xkuFTDg8J26cwOrNJzn20BErrHdLhuZ9EzLUCD3PMW-OMx4MGteHV2vLeW6BqoY%2CEND
   错误: HTTPConnectionPool(host='2409:8087:8:21::18', port=6610): Max retries exceeded with url: /otttv.bj.chinamobile.com/PLTV/88888888/224/3221227033/1.m3u8?GuardEncType=2&accountinfo=~~V2.0~deTB7OZ9G_VNJk5C3t96fQ~tP4-l0lmSfjwLWEfK_el1vH_mv-s1zo4AQJwdedaVwG9xkuFTDg8J26cwOrNJzn20BErrHdLhuZ9EzLUCD3PMW-OMx4MGteHV2vLeW6BqoY%2CEND (Caused by NewConnectionError("HTTPConnection(host='2409:8087:8:21::18', port=6610): Failed to establish a new connection: [Errno 101] Network is unreachable")) | 域名: [2409
[2026-09-30 20:22:55] ❌ 测速失败: http://[2409:8087:8:21::18]:6610/otttv.bj.chinamobile.com/PLTV/88888888/224/3221227045/1.m3u8?GuardEncType=2&accountinfo=%7E%7EV2.0%7Eq0D3NdTUN7FuRzr8eJsbQA%7EtP4-l0lmSfjwLWEfK_el1vH_mv-s1zo4AQJwdedaVwG9xkuFTDg8J26cwOrNJzn20BErrHdLhuZ9EzLUCD3PMW-OMx4MGteHV2vLeW6BqoY%2CEND
   错误: HTTPConnectionPool(host='2409:8087:8:21::18', port=6610): Max retries exceeded with url: /otttv.bj.chinamobile.com/PLTV/88888888/224/3221227045/1.m3u8?GuardEncType=2&accountinfo=~~V2.0~q0D3NdTUN7FuRzr8eJsbQA~tP4-l0lmSfjwLWEfK_el1vH_mv-s1zo4AQJwdedaVwG9xkuFTDg8J26cwOrNJzn20BErrHdLhuZ9EzLUCD3PMW-OMx4MGteHV2vLeW6BqoY%2CEND (Caused by NewConnectionError("HTTPConnection(host='2409:8087:8:21::18', port=6610): Failed to establish a new connection: [Errno 101] Network is unreachable")) | 域名: [2409
[2026-09-30 20:22:55] ❌ 测速失败: http://[2409:8087:8:21::18]:6610/otttv.bj.chinamobile.com/PLTV/88888888/224/3221226537/1.m3u8?GuardEncType=2&accountinfo=%7E%7EV2.0%7E7AxXs4eTU2oiWrhopr9sHw%7E_eNUbgU9sJGUcVVduOMKhafLvQUgE_zlz_7pvDimJNNxsM0Bor098BJglrhfEQTl%2CEND
   错误: HTTPConnectionPool(host='2409:8087:8:21::18', port=6610): Max retries exceeded with url: /otttv.bj.chinamobile.com/PLTV/88888888/224/3221226537/1.m3u8?GuardEncType=2&accountinfo=~~V2.0~7AxXs4eTU2oiWrhopr9sHw~_eNUbgU9sJGUcVVduOMKhafLvQUgE_zlz_7pvDimJNNxsM0Bor098BJglrhfEQTl%2CEND (Caused by NewConnectionError("HTTPConnection(host='2409:8087:8:21::18', port=6610): Failed to establish a new connection: [Errno 101] Network is unreachable")) | 域名: [2409
[2026-09-30 20:22:55] ❌ 测速失败: http://[2409:8087:8:21::18]:6610/otttv.bj.chinamobile.com/PLTV/88888888/224/3221226494/1.m3u8?
   错误: HTTPConnectionPool(host='2409:8087:8:21::18', port=6610): Max retries exceeded with url: /otttv.bj.chinamobile.com/PLTV/88888888/224/3221226494/1.m3u8 (Caused by NewConnectionError("HTTPConnection(host='2409:8087:8:21::18', port=6610): Failed to establish a new connection: [Errno 101] Network is unreachable")) | 域名: [2409
[2026-09-30 20:22:55] ❌ 测速失败: http://[2409:8087:8:21::18]:6610/otttv.bj.chinamobile.com/PLTV/88888888/224/3221227027/1.m3u8?GuardEncType=2&accountinfo=%7E%7EV2.0%7EkHMvBpWz4rccMxNvSRekpQ%7EtP4-l0lmSfjwLWEfK_el1vH_mv-s1zo4AQJwdedaVwG9xkuFTDg8J26cwOrNJzn20BErrHdLhuZ9EzLUCD3PMW-OMx4MGteHV2vLeW6BqoY%2CEND
   错误: HTTPConnectionPool(host='2409:8087:8:21::18', port=6610): Max retries exceeded with url: /otttv.bj.chinamobile.com/PLTV/88888888/224/3221227027/1.m3u8?GuardEncType=2&accountinfo=~~V2.0~kHMvBpWz4rccMxNvSRekpQ~tP4-l0lmSfjwLWEfK_el1vH_mv-s1zo4AQJwdedaVwG9xkuFTDg8J26cwOrNJzn20BErrHdLhuZ9EzLUCD3PMW-OMx4MGteHV2vLeW6BqoY%2CEND (Caused by NewConnectionError("HTTPConnection(host='2409:8087:8:21::18', port=6610): Failed to establish a new connection: [Errno 101] Network is unreachable")) | 域名: [2409
[2026-09-30 20:22:55] ❌ 测速失败: http://[2409:8087:8:21::18]:6610/otttv.bj.chinamobile.com/PLTV/88888888/224/3221226577/1.m3u8?GuardEncType=2&accountinfo=%7E%7EV2.0%7EhE2Z89HKgsQOlN9opVn1iw%7E_eNUbgU9sJGUcVVduOMKhafLvQUgE_zlz_7pvDimJNN03yUnk4zBVk1bynPPL3hZ%2CEND
   错误: HTTPConnectionPool(host='2409:8087:8:21::18', port=6610): Max retries exceeded with url: /otttv.bj.chinamobile.com/PLTV/88888888/224/3221226577/1.m3u8?GuardEncType=2&accountinfo=~~V2.0~hE2Z89HKgsQOlN9opVn1iw~_eNUbgU9sJGUcVVduOMKhafLvQUgE_zlz_7pvDimJNN03yUnk4zBVk1bynPPL3hZ%2CEND (Caused by NewConnectionError("HTTPConnection(host='2409:8087:8:21::18', port=6610): Failed to establish a new connection: [Errno 101] Network is unreachable")) | 域名: [2409
[2026-09-30 20:22:55] ❌ 测速失败: http://[2409:8087:8:21::18]:6610/otttv.bj.chinamobile.com/PLTV/88888888/224/3221226997/1.m3u8?GuardEncType=2&accountinfo=%7E%7EV2.0%7EAw_OvjRgJVjtlaOa0dcgzg%7EtP4-l0lmSfjwLWEfK_el1vH_mv-s1zo4AQJwdedaVwG9xkuFTDg8J26cwOrNJzn20BErrHdLhuZ9EzLUCD3PMW-OMx4MGteHV2vLeW6BqoY%2CEND
   错误: HTTPConnectionPool(host='2409:8087:8:21::18', port=6610): Max retries exceeded with url: /otttv.bj.chinamobile.com/PLTV/88888888/224/3221226997/1.m3u8?GuardEncType=2&accountinfo=~~V2.0~Aw_OvjRgJVjtlaOa0dcgzg~tP4-l0lmSfjwLWEfK_el1vH_mv-s1zo4AQJwdedaVwG9xkuFTDg8J26cwOrNJzn20BErrHdLhuZ9EzLUCD3PMW-OMx4MGteHV2vLeW6BqoY%2CEND (Caused by NewConnectionError("HTTPConnection(host='2409:8087:8:21::18', port=6610): Failed to establish a new connection: [Errno 101] Network is unreachable")) | 域名: [2409
[2026-09-30 20:22:56] ✅ 测速成功: https://livestream-bt.nmtv.cn/nmtv/2358general.m3u8?txSecret=98390a77c143a68f0fd64bfe6e181dcb&txTime=771E8800
   速度: 0.00KB/s | 数据量: 0.0KB | 总耗时: 1.15s
[2026-09-30 20:22:56] ✅ 测速成功: https://livestream-bt.nmtv.cn/nmtv/2321general.m3u8?txSecret=d9d0fd7a252ef56b515c46a2e21830f4&txTime=771E8800
   速度: 0.00KB/s | 数据量: 0.0KB | 总耗时: 1.22s
[2026-09-30 20:22:56] ✅ 测速成功: https://livestream-bt.nmtv.cn/nmtv/2349general.m3u8?txSecret=e44477052aba305cadeea45aaf1c674a&txTime=771E8800
   速度: 0.00KB/s | 数据量: 0.0KB | 总耗时: 1.75s
[2026-09-30 20:22:56] ✅ 测速成功: https://livestream-bt.nmtv.cn/nmtv/2351general.m3u8?txSecret=8857087aeec2cec44d178a18550fdb8a&txTime=771E8800
   速度: 0.00KB/s | 数据量: 0.0KB | 总耗时: 1.27s
[2026-09-30 20:22:56] ✅ 测速成功: https://livestream-bt.nmtv.cn/nmtv/2354general.m3u8?txSecret=cf5f71d0000862b18f5813607b3dfd5b&txTime=771E8800
   速度: 0.00KB/s | 数据量: 0.0KB | 总耗时: 1.28s
[2026-09-30 20:22:56] ✅ 测速成功: https://livestream-bt.nmtv.cn/nmtv/2348general.m3u8?txSecret=6a4ddce077e41b976fe33619fbef2b30&txTime=771E8800
   速度: 0.00KB/s | 数据量: 0.0KB | 总耗时: 1.32s
[2026-09-30 20:22:56] ✅ 测速成功: https://ali-m-l.cztv.com/channels/lantian/channel012/1080p.m3u8
   速度: 291.99KB/s | 数据量: 0.3KB | 总耗时: 0.75s
[2026-09-30 20:22:56] ✅ 测速成功: https://ali-m-l.cztv.com/channels/lantian/channel008/1080p.m3u8
   速度: 291.99KB/s | 数据量: 0.3KB | 总耗时: 0.94s
[2026-09-30 20:22:56] ✅ 测速成功: https://ali-m-l.cztv.com/channels/lantian/channel010/1080p.m3u8
   速度: 291.99KB/s | 数据量: 0.3KB | 总耗时: 0.95s
[2026-09-30 20:22:56] ✅ 测速成功: https://ali-m-l.cztv.com/channels/lantian/channel007/1080p.m3u8
   速度: 291.99KB/s | 数据量: 0.3KB | 总耗时: 0.96s
[2026-09-30 20:22:56] ✅ 测速成功: https://ali-m-l.cztv.com/channels/lantian/channel004/1080p.m3u8
   速度: 291.99KB/s | 数据量: 0.3KB | 总耗时: 0.89s
[2026-09-30 20:22:57] ✅ 测速成功: https://livestream-bt.nmtv.cn/nmtv/2331general.m3u8?txSecret=4d7342ca5cd74480526ab6d292247aff&txTime=771E8800
   速度: 0.00KB/s | 数据量: 0.0KB | 总耗时: 2.60s
[2026-09-30 20:22:57] ✅ 测速成功: https://ali-m-l.cztv.com/channels/lantian/channel002/1080p.m3u8
   速度: 291.99KB/s | 数据量: 0.3KB | 总耗时: 0.93s
[2026-09-30 20:22:57] ✅ 测速成功: https://ali-m-l.cztv.com/channels/lantian/channel006/1080p.m3u8
   速度: 289.06KB/s | 数据量: 0.3KB | 总耗时: 0.98s
[2026-09-30 20:22:57] ✅ 测速成功: https://ali-m-l.cztv.com/channels/lantian/channel003/1080p.m3u8
   速度: 291.99KB/s | 数据量: 0.3KB | 总耗时: 1.18s
[2026-09-30 20:22:58] ✅ 测速成功: https://livestream-bt.nmtv.cn/nmtv/2320general.m3u8?txSecret=4d368a175afa19737a9f5be10af24fe2&txTime=771E8800
   速度: 0.00KB/s | 数据量: 0.0KB | 总耗时: 1.18s
[2026-09-30 20:22:58] ✅ 测速成功: https://livestream-bt.nmtv.cn/nmtv/2318general.m3u8?txSecret=a2c948908728a0733cecbe1fadea23dc&txTime=771E8800
   速度: 0.00KB/s | 数据量: 0.0KB | 总耗时: 1.24s
[2026-09-30 20:22:58] ✅ 测速成功: https://livestream-bt.nmtv.cn/nmtv/2316general.m3u8?txSecret=b4373417a82ed64e52b0982a66da8df2&txTime=771E8800
   速度: 0.00KB/s | 数据量: 0.0KB | 总耗时: 1.26s
[2026-09-30 20:22:58] ✅ 测速成功: https://livestream-bt.nmtv.cn/nmtv/2321general.m3u8?txSecret=d9d0fd7a252ef56b515c46a2e21830f4&txTime=771E8800
   速度: 0.00KB/s | 数据量: 0.0KB | 总耗时: 1.25s
[2026-09-30 20:22:58] ✅ 测速成功: https://livestream-bt.nmtv.cn/nmtv/2358general.m3u8?txSecret=98390a77c143a68f0fd64bfe6e181dcb&txTime=771E8800
   速度: 0.00KB/s | 数据量: 0.0KB | 总耗时: 0.99s
[2026-09-30 20:22:58] ✅ 测速成功: https://livestream-bt.nmtv.cn/nmtv/2331general.m3u8?txSecret=4d7342ca5cd74480526ab6d292247aff&txTime=771E8800
   速度: 0.00KB/s | 数据量: 0.0KB | 总耗时: 1.02s
[2026-09-30 20:22:58] ✅ 测速成功: https://0472.org/hls/cgtn.m3u8
   速度: 125.98KB/s | 数据量: 0.1KB | 总耗时: 0.10s
[2026-09-30 20:22:58] ✅ 测速成功: https://0472.org/hls/cgtnd.m3u8
   速度: 125.98KB/s | 数据量: 0.1KB | 总耗时: 0.09s
[2026-09-30 20:22:58] ✅ 测速成功: https://0472.org/hls/cgtne.m3u8
   速度: 182.62KB/s | 数据量: 0.2KB | 总耗时: 0.09s
[2026-09-30 20:22:58] ✅ 测速成功: https://0472.org/hls/cgtnf.m3u8
   速度: 183.59KB/s | 数据量: 0.2KB | 总耗时: 0.09s
[2026-09-30 20:22:58] ✅ 测速成功: https://0472.org/hls/cgtnx.m3u8
   速度: 183.59KB/s | 数据量: 0.2KB | 总耗时: 0.10s
[2026-09-30 20:22:58] ✅ 测速成功: https://0472.org/hls/cgtna.m3u8
   速度: 182.62KB/s | 数据量: 0.2KB | 总耗时: 0.10s
[2026-09-30 20:22:59] ✅ 测速成功: https://livestream-bt.nmtv.cn/nmtv/2349general.m3u8?txSecret=e44477052aba305cadeea45aaf1c674a&txTime=771E8800
   速度: 0.00KB/s | 数据量: 0.0KB | 总耗时: 1.09s
[2026-09-30 20:22:59] ✅ 测速成功: https://livestream-bt.nmtv.cn/nmtv/2317general.m3u8?txSecret=112b2c4c872de52b0f37aff6ead63ef0&txTime=771E8800
   速度: 0.00KB/s | 数据量: 0.0KB | 总耗时: 2.25s
[2026-09-30 20:22:59] ✅ 测速成功: https://livestream-bt.nmtv.cn/nmtv/2351general.m3u8?txSecret=8857087aeec2cec44d178a18550fdb8a&txTime=771E8800
   速度: 0.00KB/s | 数据量: 0.0KB | 总耗时: 1.01s
[2026-09-30 20:22:59] ✅ 测速成功: https://livestream-bt.nmtv.cn/nmtv/2354general.m3u8?txSecret=cf5f71d0000862b18f5813607b3dfd5b&txTime=771E8800
   速度: 0.00KB/s | 数据量: 0.0KB | 总耗时: 1.04s
[2026-09-30 20:22:59] ✅ 测速成功: https://livestream-bt.nmtv.cn/nmtv/2348general.m3u8?txSecret=6a4ddce077e41b976fe33619fbef2b30&txTime=771E8800
   速度: 0.00KB/s | 数据量: 0.0KB | 总耗时: 1.11s
[2026-09-30 20:22:59] ✅ 测速成功: https://livestream-bt.nmtv.cn/nmtv/2319general.m3u8?txSecret=c7b5c515d2bb6df442492d54955329a3&txTime=771E8800
   速度: 0.00KB/s | 数据量: 0.0KB | 总耗时: 2.88s
[2026-09-30 20:23:00] ✅ 测速成功: https://livestream-bt.nmtv.cn/nmtv/2315general.m3u8?txSecret=4971666599ef9411629213c9a300bf66&txTime=771EF880
   速度: 0.00KB/s | 数据量: 0.0KB | 总耗时: 3.27s
[2026-09-30 20:23:00] ✅ 测速成功: http://tvcdn.stream3.hndt.com/tv/65b93894017e10000ae6b07d00000000_transios/playlist.m3u8?wsSecret=29c6b53ae9905b995090c3268930697d&wsTime=1790784241
   速度: 347.66KB/s | 数据量: 0.3KB | 总耗时: 1.26s
[2026-09-30 20:23:00] ✅ 测速成功: http://tvcdn.stream3.hndt.com/tv/65bd329b017e1000648cd2ed00000000_transios/playlist.m3u8?wsSecret=128e56b68c694a0290da2dffa24bedb5&wsTime=1790784241
   速度: 348.63KB/s | 数据量: 0.3KB | 总耗时: 1.21s
[2026-09-30 20:23:00] ✅ 测速成功: http://tvcdn.stream3.hndt.com/tv/65c4a6d5017e1000b2b6ea2500000000_transios/playlist.m3u8?wsSecret=cc74bb1197c4f936c8495eaee10c77f9&wsTime=1790784241
   速度: 348.63KB/s | 数据量: 0.3KB | 总耗时: 1.43s
[2026-09-30 20:23:00] ✅ 测速成功: http://tvcdn.stream3.hndt.com/tv/65bef28a017e10009c49d5f900000000_transios/playlist.m3u8?wsSecret=2398db3a7f04248f540825c1b1395077&wsTime=1790784241
   速度: 348.63KB/s | 数据量: 0.3KB | 总耗时: 1.30s
[2026-09-30 20:23:00] ✅ 测速成功: http://tvcdn.stream3.hndt.com/tv/65b8302b017e100019dc540f00000000_transios/playlist.m3u8?wsSecret=846643d6ec647e94b466dc6583d6b52e&wsTime=1790784241
   速度: 347.66KB/s | 数据量: 0.3KB | 总耗时: 1.22s
[2026-09-30 20:23:00] ✅ 测速成功: http://tvcdn.stream3.hndt.com/tv/65be54a9017e1000af59fb4800000000_transios/playlist.m3u8?wsSecret=7f718330684e1f8a7e6f237c09a6dd75&wsTime=1790784241
   速度: 348.63KB/s | 数据量: 0.3KB | 总耗时: 1.27s
[2026-09-30 20:23:00] ✅ 测速成功: http://tvcdn.stream3.hndt.com/tv/65c3fbc5017e1000fde13faa00000000_transios/playlist.m3u8?wsSecret=ac63180396e7f75e627411a5f48a201c&wsTime=1790784241
   速度: 348.63KB/s | 数据量: 0.3KB | 总耗时: 1.90s
[2026-09-30 20:23:00] ✅ 测速成功: http://tvcdn.stream3.hndt.com/tv/65bb6966017e100059b75a8500000000_transios/playlist.m3u8?wsSecret=b999a8b0557c06e0724d8ca9772e54e6&wsTime=1790784241
   速度: 348.63KB/s | 数据量: 0.3KB | 总耗时: 1.93s
[2026-09-30 20:23:01] ✅ 测速成功: http://204.12.221.218:8181/3m1080p/cctv1.m3u8
   速度: 193.36KB/s | 数据量: 0.2KB | 总耗时: 0.16s
[2026-09-30 20:23:01] ✅ 测速成功: http://120.40.39.246:352/newlive/live/hls/1/live.m3u8
   速度: 232.42KB/s | 数据量: 0.2KB | 总耗时: 0.67s
[2026-09-30 20:23:01] ✅ 测速成功: http://38.75.136.137:98/gslb/dsdqbv/cctv1hd.m3u8?auth=test20251009
   速度: 205.08KB/s | 数据量: 0.2KB | 总耗时: 0.21s
[2026-09-30 20:23:01] ✅ 测速成功: http://173.208.212.130:8181/720p/cctv2.m3u8
   速度: 205.08KB/s | 数据量: 0.2KB | 总耗时: 0.15s
[2026-09-30 20:23:01] ✅ 测速成功: http://63.141.230.178:82/gslb/zbdq5.m3u8?id=cctv1hd
   速度: 199.22KB/s | 数据量: 0.2KB | 总耗时: 0.22s
[2026-09-30 20:23:01] ✅ 测速成功: https://dxtx.hntv.tv/live/wwbk.m3u8?txSecret=317b89626134fd6bea6e129455b5ff18&txTime=7C4C635C&wsSecret=f5f443d9357d8e72571973fd0fa714ab&wsTime=1790784241
   速度: 277.34KB/s | 数据量: 0.3KB | 总耗时: 1.11s
[2026-09-30 20:23:01] ✅ 测速成功: https://dxtx.hntv.tv/live/jczy.m3u8?txSecret=e785008e49564e5e738439b4dd2ae68e&txTime=7C4C6207&wsSecret=11fe20ef439b7f2ff251b6342ecf004b&wsTime=1790784241
   速度: 290.04KB/s | 数据量: 0.3KB | 总耗时: 0.94s
[2026-09-30 20:23:01] ✅ 测速成功: http://219.147.245.238:25480/newlive/live/hls/1/live.m3u8
   速度: 226.56KB/s | 数据量: 0.2KB | 总耗时: 0.95s
[2026-09-30 20:23:01] ✅ 测速成功: https://dxtx.hntv.tv/live/lypd.m3u8?txSecret=10c771842a0be59e8b575d765173ec96&txTime=7B923E0A&wsSecret=514eaddbb71a35588ae0d64ae2b60757&wsTime=1790784241
   速度: 288.09KB/s | 数据量: 0.3KB | 总耗时: 1.61s
[2026-09-30 20:23:01] ✅ 测速成功: http://tvcdn.stream3.hndt.com/tv/647f9277018410008cf925e200000000_transios/playlist.m3u8?wsSecret=38f8134c5600396e6312a233b6a362b5&wsTime=1790784241
   速度: 348.63KB/s | 数据量: 0.3KB | 总耗时: 1.01s
[2026-09-30 20:23:01] ✅ 测速成功: https://dxtx.hntv.tv/live/wssj.m3u8?txSecret=c38b4d31ba4c45c6babb5c47132123e3&txTime=7ABB976A&wsSecret=f2fbef48507b7c5c6d94762ab1742da5&wsTime=1790784241
   速度: 280.27KB/s | 数据量: 0.3KB | 总耗时: 1.02s
[2026-09-30 20:23:01] ✅ 测速成功: http://63.141.230.178:82/gslb/zbdq5.m3u8?id=cctv7hd
   速度: 205.08KB/s | 数据量: 0.2KB | 总耗时: 0.22s
[2026-09-30 20:23:01] ✅ 测速成功: http://74.91.26.218:82/live/cctv9hd.m3u8
   速度: 205.08KB/s | 数据量: 0.2KB | 总耗时: 0.15s
[2026-09-30 20:23:01] ✅ 测速成功: http://192.151.150.154/live/cctv9hd.m3u8
   速度: 197.27KB/s | 数据量: 0.2KB | 总耗时: 0.16s
[2026-09-30 20:23:01] ✅ 测速成功: http://74.91.26.218:82/live/cctv11hd.m3u8
   速度: 208.01KB/s | 数据量: 0.2KB | 总耗时: 0.15s
[2026-09-30 20:23:01] ✅ 测速成功: http://38.75.136.137:98/gslb/dsdqbv/cctv11hd.m3u8?auth=test20251009
   速度: 208.01KB/s | 数据量: 0.2KB | 总耗时: 0.19s
[2026-09-30 20:23:01] ✅ 测速成功: http://116.128.243.121:85/tsfile/live/0002_1.m3u8?key=txiptv&playlive=0&authid=0
   速度: 418.95KB/s | 数据量: 0.4KB | 总耗时: 0.79s
[2026-09-30 20:23:01] ✅ 测速成功: http://120.40.39.246:352/newlive/live/hls/9/live.m3u8
   速度: 232.42KB/s | 数据量: 0.2KB | 总耗时: 0.52s
[2026-09-30 20:23:01] ✅ 测速成功: http://tvcdn.stream3.hndt.com/tv/65ba653b017e1000d4ee41c700000000_transios/playlist.m3u8?wsSecret=20acdaab9596bda784ae1c792ad833f8&wsTime=1790784241
   速度: 348.63KB/s | 数据量: 0.3KB | 总耗时: 1.51s
[2026-09-30 20:23:01] ✅ 测速成功: http://38.75.136.137:98/gslb/dsdqbv/cctv13hd.m3u8?auth=test20251009
   速度: 208.01KB/s | 数据量: 0.2KB | 总耗时: 0.19s
[2026-09-30 20:23:02] ✅ 测速成功: http://204.12.221.218:8181/3m1080p/cctv14.m3u8
   速度: 201.17KB/s | 数据量: 0.2KB | 总耗时: 0.26s
[2026-09-30 20:23:02] ✅ 测速成功: http://207.56.13.146:81/cdnlive/cctv4.m3u8
   速度: 72.27KB/s | 数据量: 0.1KB | 总耗时: 0.98s
[2026-09-30 20:23:02] ✅ 测速成功: http://207.56.13.146:81/cdnlive/cctv5.m3u8
   速度: 72.27KB/s | 数据量: 0.1KB | 总耗时: 0.94s
[2026-09-30 20:23:02] ✅ 测速成功: http://207.56.13.146:81/cdnlive/cctv8.m3u8
   速度: 72.27KB/s | 数据量: 0.1KB | 总耗时: 0.93s
[2026-09-30 20:23:02] ✅ 测速成功: http://hlsztemgsplive.miguvideo.com:8080/migu/kailu/20200324/cctv7hd/50/index.m3u8?msisdn=202609292201245714614f0cd043618d7fbc8044e320b2&mdspid=&spid=699004&netType=0&sid=5501083622&pid=2028597139&timestamp=20260929220124&Channel_ID=0116_2600000900-99000-201600010010027&ProgramID=673168121&ParentNodeID=-99&assertID=5501083622&client_ip=171.8.79.254&SecurityKey=20260929220124&promotionId=&mvid=5102910278&mcid=500020&playurlVersion=WX-A1-9.9.2-SNAPSHOT&userid=&jmhm=&videocodec=h264&appCode=miguvideo_android&bean=mgspad&tid=android&conFee=0&encrypt=eeb79c006de63bb9b6c94ee50559c1b6
   速度: 7311.52KB/s | 数据量: 7.3KB | 总耗时: 0.08s
[2026-09-30 20:23:02] ✅ 测速成功: http://hlsztemgsplive.miguvideo.com:8080/wd_r2/2018/ocn/cctv10hd/1000/index.m3u8?msisdn=20260929220136be535b3f84244ec48e862725a8c01e0d&mdspid=&spid=699004&netType=0&sid=5500212874&pid=2028597139&timestamp=20260929220136&Channel_ID=0116_2600000900-99000-201600010010027&ProgramID=624878405&ParentNodeID=-99&assertID=5500212874&client_ip=171.8.79.254&SecurityKey=20260929220136&promotionId=&mvid=5100001696&mcid=500020&playurlVersion=WX-A1-9.9.2-SNAPSHOT&userid=&jmhm=&videocodec=h264&appCode=miguvideo_android&bean=mgspad&tid=android&conFee=0&encrypt=3ca7166afffa3d264c8f01b0c7f0db54
   速度: 7311.52KB/s | 数据量: 7.3KB | 总耗时: 0.40s
[2026-09-30 20:23:02] ✅ 测速成功: http://hlsztemgsplive.miguvideo.com:8080/migu/kailu/cctv11hd/50/20200103/index.m3u8?msisdn=202609292201395c13b5f8c66343dbbb8313d4fcfe9cea&mdspid=&spid=699004&netType=0&sid=5500988610&pid=2028597139&timestamp=20260929220139&Channel_ID=0116_2600000900-99000-201600010010027&ProgramID=667987558&ParentNodeID=-99&assertID=5500988610&client_ip=171.8.79.254&SecurityKey=20260929220139&promotionId=&mvid=5102751362&mcid=500020&playurlVersion=WX-A1-9.9.2-SNAPSHOT&userid=&jmhm=&videocodec=h264&appCode=miguvideo_android&bean=mgspad&tid=android&conFee=0&encrypt=caacb2e8662c28c8e7d5e9da853cce66
   速度: 7311.52KB/s | 数据量: 7.3KB | 总耗时: 0.07s
[2026-09-30 20:23:02] ✅ 测速成功: http://hlsztemgsplive.miguvideo.com:8080/wd_r2/cctv/cctv2hd/600/index.m3u8?msisdn=20260929220107d42d7b3d43754d1aba77ed4826b7bebe&mdspid=&spid=699004&netType=0&sid=5500346945&pid=2028597139&timestamp=20260929220107&Channel_ID=0116_2600000900-99000-201600010010027&ProgramID=631780532&ParentNodeID=-99&assertID=5500346945&client_ip=171.8.79.254&SecurityKey=20260929220107&promotionId=&mvid=5101064231&mcid=500020&playurlVersion=WX-A1-9.9.2-SNAPSHOT&userid=&jmhm=&videocodec=h264&appCode=miguvideo_android&bean=mgspad&tid=android&conFee=0&encrypt=997a5759618b47773a31e4e957c37258
   速度: 7311.52KB/s | 数据量: 7.3KB | 总耗时: 0.20s
[2026-09-30 20:23:02] ✅ 测速成功: http://113.57.140.161:10081/newlive/live/hls/17/live.m3u8
   速度: 232.42KB/s | 数据量: 0.2KB | 总耗时: 0.53s
[2026-09-30 20:23:02] ✅ 测速成功: http://hlsztemgsplive.miguvideo.com:8080/wd_r2/2018/ocn/cctv14hd/1000/index.m3u8?msisdn=202609292201439117e6ebddc049c7b653c4a36096f9e8&mdspid=&spid=699004&netType=0&sid=5500212875&pid=2028597139&timestamp=20260929220143&Channel_ID=0116_2600000900-99000-201600010010027&ProgramID=624878440&ParentNodeID=-99&assertID=5500212875&client_ip=171.8.79.254&SecurityKey=20260929220143&promotionId=&mvid=5100001697&mcid=500020&playurlVersion=WX-A1-9.9.2-SNAPSHOT&userid=&jmhm=&videocodec=h264&appCode=miguvideo_android&bean=mgspad&tid=android&conFee=0&encrypt=7ec8c7a219f4d384b3d90c86c99dfb8b
   速度: 7311.52KB/s | 数据量: 7.3KB | 总耗时: 0.31s
[2026-09-30 20:23:02] ✅ 测速成功: http://hlsztemgsplive.miguvideo.com:8080/migu/kailu/20200324/cctv4meihd/50/index.m3u8?msisdn=20260929220302c2db6fcf48bd4f20901bdc72a10ebd2c&mdspid=&spid=699004&netType=0&sid=2200179344&pid=2028597139&timestamp=20260929220302&Channel_ID=0116_2600000900-99000-201600010010027&ProgramID=608807416&ParentNodeID=-99&assertID=2200179344&client_ip=171.8.79.254&SecurityKey=20260929220302&promotionId=&mvid=2200179344&mcid=500020&playurlVersion=WX-A1-9.9.2-SNAPSHOT&userid=&jmhm=&videocodec=h264&appCode=miguvideo_android&bean=mgspad&tid=android&conFee=0&encrypt=1c98e3f5ba6851888ac3299cc23d0985
   速度: 7311.52KB/s | 数据量: 7.3KB | 总耗时: 0.31s
[2026-09-30 20:23:02] ✅ 测速成功: http://hlsztemgsplive.miguvideo.com:8080/migu/kailu/20200324/cctv12hd/50/index.m3u8?msisdn=20260929220301153ef46f5d8a4f51994109f9cd90b0db&mdspid=&spid=699004&netType=0&sid=5501083627&pid=2028597139&timestamp=20260929220301&Channel_ID=0116_2600000900-99000-201600010010027&ProgramID=673168185&ParentNodeID=-99&assertID=5501083627&client_ip=171.8.79.254&SecurityKey=20260929220301&promotionId=&mvid=5102910389&mcid=500020&playurlVersion=WX-A1-9.9.2-SNAPSHOT&userid=&jmhm=&videocodec=h264&appCode=miguvideo_android&bean=mgspad&tid=android&conFee=0&encrypt=37ff50e2fa5b1ba59533ee0350e55a2d
   速度: 7311.52KB/s | 数据量: 7.3KB | 总耗时: 0.33s
[2026-09-30 20:23:02] ✅ 测速成功: http://hlsztemgsplive.miguvideo.com:8080/wd_r2/2018/ocn/cctv3hd/1000/index.m3u8?msisdn=202609292201106039ebbcf3e84372837af5f6d5d4d1f1&mdspid=&spid=699004&netType=0&sid=5500212864&pid=2028597139&timestamp=20260929220110&Channel_ID=0116_2600000900-99000-201600010010027&ProgramID=624878271&ParentNodeID=-99&assertID=5500212864&client_ip=171.8.79.254&SecurityKey=20260929220110&promotionId=&mvid=5100001683&mcid=500020&playurlVersion=WX-A1-9.9.2-SNAPSHOT&userid=&jmhm=&videocodec=h264&appCode=miguvideo_android&bean=mgspad&tid=android&conFee=0&encrypt=cdcd9258ab2db04b32ced102733004d6
   速度: 7311.52KB/s | 数据量: 7.3KB | 总耗时: 0.12s
[2026-09-30 20:23:02] ✅ 测速成功: http://hlsztemgsplive.miguvideo.com:8080/migu/kailu/20200324/cctv15hd/50/index.m3u8?msisdn=20260929220301997264d5fc584360b4bf84a9637d8de5&mdspid=&spid=699004&netType=0&sid=5501083628&pid=2028597139&timestamp=20260929220301&Channel_ID=0116_2600000900-99000-201600010010027&ProgramID=673168223&ParentNodeID=-99&assertID=5501083628&client_ip=171.8.79.254&SecurityKey=20260929220301&promotionId=&mvid=5102910391&mcid=500020&playurlVersion=WX-A1-9.9.2-SNAPSHOT&userid=&jmhm=&videocodec=h264&appCode=miguvideo_android&bean=mgspad&tid=android&conFee=0&encrypt=b781f73678260d6650906df218bc1086
   速度: 7311.52KB/s | 数据量: 7.3KB | 总耗时: 0.13s
[2026-09-30 20:23:02] ✅ 测速成功: http://58.56.162.102:4466/newlive/live/hls/4/live.m3u8
   速度: 232.42KB/s | 数据量: 0.2KB | 总耗时: 1.58s
[2026-09-30 20:23:02] ✅ 测速成功: http://hlsztemgsplive.miguvideo.com:8080/wd_r2/2018/ocn/cctv8hd/1000/index.m3u8?msisdn=20260929220301d6110d988ce14796a4c73a204700f090&mdspid=&spid=699004&netType=0&sid=5500212868&pid=2028597139&timestamp=20260929220301&Channel_ID=0116_2600000900-99000-201600010010027&ProgramID=624878356&ParentNodeID=-99&assertID=5500212868&client_ip=171.8.79.254&SecurityKey=20260929220301&promotionId=&mvid=5100001695&mcid=500020&playurlVersion=WX-A1-9.9.2-SNAPSHOT&userid=&jmhm=&videocodec=h264&appCode=miguvideo_android&bean=mgspad&tid=android&conFee=0&encrypt=610d819f7f8c7819600bb45709835ebe
   速度: 7311.52KB/s | 数据量: 7.3KB | 总耗时: 0.16s
[2026-09-30 20:23:02] ✅ 测速成功: http://hlsztemgsplive.miguvideo.com:8080/wd_r2/2018/ocn/cctv6hd/1000/index.m3u8?msisdn=202609292203001b5f5d16ba5346479ec175d42f12fc9c&mdspid=&spid=699004&netType=0&sid=5500212872&pid=2028597139&timestamp=20260929220300&Channel_ID=0116_2600000900-99000-201600010010027&ProgramID=624878396&ParentNodeID=-99&assertID=5500212872&client_ip=171.8.79.254&SecurityKey=20260929220300&promotionId=&mvid=5100001694&mcid=500020&playurlVersion=WX-A1-9.9.2-SNAPSHOT&userid=&jmhm=&videocodec=h264&appCode=miguvideo_android&bean=mgspad&tid=android&conFee=0&encrypt=563da9d36cd57cc4c71d1bdbb237040f
   速度: 7311.52KB/s | 数据量: 7.3KB | 总耗时: 0.16s
[2026-09-30 20:23:03] ✅ 测速成功: http://113.25.252.226:9901/tsfile/live/1018_1.m3u8?key=txiptv&playlive=1&authid=0
   速度: 422.85KB/s | 数据量: 0.4KB | 总耗时: 0.59s
[2026-09-30 20:23:03] ✅ 测速成功: http://74.91.26.218:82/live/cctv12hd.m3u8
   速度: 208.01KB/s | 数据量: 0.2KB | 总耗时: 0.14s
[2026-09-30 20:23:03] ✅ 测速成功: https://v4-702cae17a28d6e4f0c0002bba021d934.livehwc4.com/play.kankanlive.com/live/1698423397390920.m3u8?sub_m3u8=true&edge_slice=true&user_session_id=5536bf33e2ea132eae60addc6ecb090d
   速度: 334.96KB/s | 数据量: 0.3KB | 总耗时: 1.73s
[2026-09-30 20:23:03] ✅ 测速成功: http://124.165.251.82:85/tsfile/live/0008_1.m3u8?key=txiptv&playlive=1&authid=0
   速度: 418.95KB/s | 数据量: 0.4KB | 总耗时: 0.56s
[2026-09-30 20:23:03] ✅ 测速成功: http://124.165.251.82:85/tsfile/live/0012_1.m3u8?key=txiptv&playlive=1&authid=0
   速度: 423.83KB/s | 数据量: 0.4KB | 总耗时: 0.53s
[2026-09-30 20:23:03] ✅ 测速成功: http://222.169.85.8:9901/tsfile/live/0001_1.m3u8?key=txiptv&playlive=1&authid=0
   速度: 418.95KB/s | 数据量: 0.4KB | 总耗时: 0.57s
[2026-09-30 20:23:03] ✅ 测速成功: http://113.25.252.226:9901/tsfile/live/1014_1.m3u8?key=txiptv&playlive=1&authid=0
   速度: 422.85KB/s | 数据量: 0.4KB | 总耗时: 1.37s
[2026-09-30 20:23:04] ✅ 测速成功: http://113.25.252.226:9901/tsfile/live/1011_1.m3u8?key=txiptv&playlive=1&authid=0
   速度: 422.85KB/s | 数据量: 0.4KB | 总耗时: 0.67s
[2026-09-30 20:23:04] ✅ 测速成功: http://113.25.252.226:9901/tsfile/live/1008_1.m3u8?key=txiptv&playlive=1&authid=0
   速度: 422.85KB/s | 数据量: 0.4KB | 总耗时: 0.71s
[2026-09-30 20:23:04] ✅ 测速成功: http://hlsztemgsplive.miguvideo.com:8080/wd_r2/cctv/cctv1hd/600/index.m3u8?msisdn=20260929220103c661d3c05e5040db920c37c8fa088c8a&mdspid=&spid=699004&netType=0&sid=2201057821&pid=2028597139&timestamp=20260929220103&Channel_ID=0116_2600000900-99000-201600010010027&ProgramID=608807420&ParentNodeID=-99&assertID=2201057821&client_ip=171.8.79.254&SecurityKey=20260929220103&promotionId=&mvid=2201057821&mcid=500020&playurlVersion=WX-A1-9.9.2-SNAPSHOT&userid=&jmhm=&videocodec=h264&appCode=miguvideo_android&bean=mgspad&tid=android&conFee=0&encrypt=29d134326c759d663f44252f7594fc5d
   速度: 7311.52KB/s | 数据量: 7.3KB | 总耗时: 0.36s
[2026-09-30 20:23:04] ✅ 测速成功: http://hlsztemgsplive.miguvideo.com:8080/wd_r2/cctv/cctv5plusnew/600/index.m3u8?msisdn=202609292203006faaded6976f4e888974c58811e85c19&mdspid=&spid=699004&netType=0&sid=5500516288&pid=2028597139&timestamp=20260929220300&Channel_ID=0116_2600000900-99000-201600010010027&ProgramID=641886773&ParentNodeID=-99&assertID=5500516288&client_ip=171.8.79.254&SecurityKey=20260929220300&promotionId=&mvid=5102048803&mcid=500020&playurlVersion=WX-A1-9.9.2-SNAPSHOT&userid=&jmhm=&videocodec=h264&appCode=miguvideo_android&bean=mgspad&tid=android&conFee=0&encrypt=e199683644c3df1ac090cb4ef4a9157b
   速度: 7311.52KB/s | 数据量: 7.3KB | 总耗时: 0.02s
[2026-09-30 20:23:05] ✅ 测速成功: https://event.pull.hebtv.com/jishi/cp1.m3u8
   速度: 319.34KB/s | 数据量: 0.3KB | 总耗时: 3.46s
[2026-09-30 20:23:05] ✅ 测速成功: https://event.pull.hebtv.com/jishi/cp2.m3u8
   速度: 319.34KB/s | 数据量: 0.3KB | 总耗时: 3.38s
[2026-09-30 20:23:05] ✅ 测速成功: http://hlsztemgsplive.miguvideo.com:8080/migu/kailu/20200324/cctv17hd/50/index.m3u8?msisdn=202609292203015058dbce550f4d4da90da4b5c5102893&mdspid=&spid=699004&netType=0&sid=5501083631&pid=2028597139&timestamp=20260929220301&Channel_ID=0116_2600000900-99000-201600010010027&ProgramID=673168256&ParentNodeID=-99&assertID=5501083631&client_ip=171.8.79.254&SecurityKey=20260929220301&promotionId=&mvid=5102910396&mcid=500020&playurlVersion=WX-A1-9.9.2-SNAPSHOT&userid=&jmhm=&videocodec=h264&appCode=miguvideo_android&bean=mgspad&tid=android&conFee=0&encrypt=650301a086441ea83e2238ff27d7eeba
   速度: 7311.52KB/s | 数据量: 7.3KB | 总耗时: 0.06s
[2026-09-30 20:23:06] ✅ 测速成功: http://222.169.85.8:9901/tsfile/live/0003_1.m3u8?key=txiptv&playlive=1&authid=0
   速度: 418.95KB/s | 数据量: 0.4KB | 总耗时: 1.58s
[2026-09-30 20:23:06] ✅ 测速成功: http://hlsztemgsplive.miguvideo.com:8080/migu/kailu/chcymdy/50/20250415/index.m3u8?msisdn=202609292203138f1213e563414b26830a986819841726&mdspid=&spid=699004&netType=0&sid=5910022176&pid=2028597139&timestamp=20260929220313&Channel_ID=0116_2600000900-99000-201600010010027&ProgramID=952383261&ParentNodeID=-99&assertID=5910022176&client_ip=171.8.79.254&SecurityKey=20260929220313&promotionId=&mvid=5900006704&mcid=500020&playurlVersion=WX-A1-9.9.2-SNAPSHOT&userid=&jmhm=&videocodec=h264&appCode=miguvideo_android&bean=mgspad&tid=android&conFee=0&encrypt=5770ebe0295bb83deec76bd1431240a0
   速度: 7311.52KB/s | 数据量: 7.3KB | 总耗时: 0.30s
[2026-09-30 20:23:07] ✅ 测速成功: http://120.211.62.180:8000/hls/35/index.m3u8
   速度: 219.73KB/s | 数据量: 0.2KB | 总耗时: 0.48s
[2026-09-30 20:23:07] ✅ 测速成功: http://bp-resource-dfl.bestv.cn/148/3/video.m3u8
   速度: 833.01KB/s | 数据量: 0.8KB | 总耗时: 0.94s
[2026-09-30 20:23:08] ✅ 测速成功: https://bp-resource-dfl.bestv.cn/148/3/video.m3u8
   速度: 833.01KB/s | 数据量: 0.8KB | 总耗时: 0.91s
[2026-09-30 20:23:09] ✅ 测速成功: https://txmov2.a.kwimgs.com/bs3/video-hls/5199687338554291078_hlsb.m3u8
   速度: 1630.82KB/s | 数据量: 106.5KB | 总耗时: 0.80s
[2026-09-30 20:23:12] ❌ 测速失败: http://genglei.8866.org:9901/tsfile/live/0009_1.m3u8?key=txiptv&playlive=1&authid=0
   错误: HTTPConnectionPool(host='genglei.8866.org', port=9901): Max retries exceeded with url: /tsfile/live/0009_1.m3u8?key=txiptv&playlive=1&authid=0 (Caused by ConnectTimeoutError(<HTTPConnection(host='genglei.8866.org', port=9901) at 0x7f84357ca250>, 'Connection to genglei.8866.org timed out. (connect timeout=3.05)')) | 域名: genglei.8866.org
[2026-09-30 20:23:12] ❌ 测速失败: http://genglei.8866.org:9901/tsfile/live/0019_1.m3u8?key=txiptv&playlive=1&authid=0
   错误: HTTPConnectionPool(host='genglei.8866.org', port=9901): Max retries exceeded with url: /tsfile/live/0019_1.m3u8?key=txiptv&playlive=1&authid=0 (Caused by ConnectTimeoutError(<HTTPConnection(host='genglei.8866.org', port=9901) at 0x7f84357c9bf0>, 'Connection to genglei.8866.org timed out. (connect timeout=3.05)')) | 域名: genglei.8866.org
[2026-09-30 20:23:12] ❌ 测速失败: http://genglei.8866.org:9901/tsfile/live/0002_1.m3u8?key=txiptv&playlive=1&authid=0
   错误: HTTPConnectionPool(host='genglei.8866.org', port=9901): Max retries exceeded with url: /tsfile/live/0002_1.m3u8?key=txiptv&playlive=1&authid=0 (Caused by ConnectTimeoutError(<HTTPConnection(host='genglei.8866.org', port=9901) at 0x7f84357cbac0>, 'Connection to genglei.8866.org timed out. (connect timeout=3.05)')) | 域名: genglei.8866.org
[2026-09-30 20:23:12] ❌ 测速失败: http://genglei.8866.org:9901/tsfile/live/0012_1.m3u8?key=txiptv&playlive=1&authid=0
   错误: HTTPConnectionPool(host='genglei.8866.org', port=9901): Max retries exceeded with url: /tsfile/live/0012_1.m3u8?key=txiptv&playlive=1&authid=0 (Caused by ConnectTimeoutError(<HTTPConnection(host='genglei.8866.org', port=9901) at 0x7f84357cb350>, 'Connection to genglei.8866.org timed out. (connect timeout=3.05)')) | 域名: genglei.8866.org
[2026-09-30 20:23:12] ❌ 测速失败: http://genglei.8866.org:9901/tsfile/live/0014_1.m3u8?key=txiptv&playlive=1&authid=0
   错误: HTTPConnectionPool(host='genglei.8866.org', port=9901): Max retries exceeded with url: /tsfile/live/0014_1.m3u8?key=txiptv&playlive=1&authid=0 (Caused by ConnectTimeoutError(<HTTPConnection(host='genglei.8866.org', port=9901) at 0x7f84357cbbd0>, 'Connection to genglei.8866.org timed out. (connect timeout=3.05)')) | 域名: genglei.8866.org
[2026-09-30 20:23:12] ❌ 测速失败: http://genglei.8866.org:9901/tsfile/live/0015_1.m3u8?key=txiptv&playlive=1&authid=0
   错误: HTTPConnectionPool(host='genglei.8866.org', port=9901): Max retries exceeded with url: /tsfile/live/0015_1.m3u8?key=txiptv&playlive=1&authid=0 (Caused by ConnectTimeoutError(<HTTPConnection(host='genglei.8866.org', port=9901) at 0x7f84357cbf00>, 'Connection to genglei.8866.org timed out. (connect timeout=3.05)')) | 域名: genglei.8866.org
[2026-09-30 20:23:12] ❌ 测速失败: http://genglei.8866.org:9901/tsfile/live/0007_1.m3u8?key=txiptv&playlive=1&authid=0
   错误: HTTPConnectionPool(host='genglei.8866.org', port=9901): Max retries exceeded with url: /tsfile/live/0007_1.m3u8?key=txiptv&playlive=1&authid=0 (Caused by ConnectTimeoutError(<HTTPConnection(host='genglei.8866.org', port=9901) at 0x7f84357ca9c0>, 'Connection to genglei.8866.org timed out. (connect timeout=3.05)')) | 域名: genglei.8866.org
[2026-09-30 20:23:12] ❌ 测速失败: http://genglei.8866.org:9901/tsfile/live/0001_1.m3u8?key=txiptv&playlive=1&authid=0
   错误: HTTPConnectionPool(host='genglei.8866.org', port=9901): Max retries exceeded with url: /tsfile/live/0001_1.m3u8?key=txiptv&playlive=1&authid=0 (Caused by ConnectTimeoutError(<HTTPConnection(host='genglei.8866.org', port=9901) at 0x7f84357cb130>, 'Connection to genglei.8866.org timed out. (connect timeout=3.05)')) | 域名: genglei.8866.org
[2026-09-30 20:23:12] ❌ 测速失败: http://genglei.8866.org:9901/tsfile/live/0013_1.m3u8?key=txiptv&playlive=1&authid=0
   错误: HTTPConnectionPool(host='genglei.8866.org', port=9901): Max retries exceeded with url: /tsfile/live/0013_1.m3u8?key=txiptv&playlive=1&authid=0 (Caused by ConnectTimeoutError(<HTTPConnection(host='genglei.8866.org', port=9901) at 0x7f84357ca360>, 'Connection to genglei.8866.org timed out. (connect timeout=3.05)')) | 域名: genglei.8866.org
[2026-09-30 20:23:12] ✅ 测速成功: http://hlsztemgsplive.miguvideo.com:8080/migu/kailu/btws/50/20250804/index.m3u8?msisdn=202609292203067d045e4a284743bdb1df192cd3213e46&mdspid=&spid=600697&netType=0&sid=5910022192&pid=2028597139&timestamp=20260929220306&Channel_ID=0116_2600000900-99000-201600010010027&ProgramID=956923145&ParentNodeID=-99&assertID=5910022192&client_ip=171.8.79.254&SecurityKey=20260929220306&promotionId=&mvid=5900006716&mcid=500020&playurlVersion=WX-A1-9.9.2-SNAPSHOT&userid=&jmhm=&videocodec=h264&appCode=miguvideo_android&bean=mgspad&tid=android&conFee=0&encrypt=0b9536304d71eb6483caf7c7bcc4e8c5
   速度: 7311.52KB/s | 数据量: 7.3KB | 总耗时: 0.02s
[2026-09-30 20:23:12] ✅ 测速成功: http://hlsztemgsplive.miguvideo.com:8080/migu/kailu/bjws/50/20251127/index.m3u8?msisdn=202609292203057c9a4b9d651e4d24b55e7ab289321ddf&mdspid=&spid=600697&netType=0&sid=5910022306&pid=2028597139&timestamp=20260929220305&Channel_ID=0116_2600000900-99000-201600010010027&ProgramID=630287636&ParentNodeID=-99&assertID=5910022306&client_ip=171.8.79.254&SecurityKey=20260929220305&promotionId=&mvid=5101042960&mcid=500020&playurlVersion=WX-A1-9.9.2-SNAPSHOT&userid=&jmhm=&videocodec=h264&appCode=miguvideo_android&bean=mgspad&tid=android&conFee=0&encrypt=cd452f8d5b9abf1a9956be3a299675a1
   速度: 7311.52KB/s | 数据量: 7.3KB | 总耗时: 0.02s
[2026-09-30 20:23:12] ✅ 测速成功: http://hlsztemgsplive.miguvideo.com:8080/wd_r4/dfl/dongfangwshd/600/index.m3u8?msisdn=2026092922030461957d1f839d43deb02174d5ca0ec3d6&mdspid=&spid=600697&netType=0&sid=5910022185&pid=2028597139&timestamp=20260929220304&Channel_ID=0116_2600000900-99000-201600010010027&ProgramID=651632648&ParentNodeID=-99&assertID=5910022185&client_ip=171.8.79.254&SecurityKey=20260929220304&promotionId=&mvid=5100043384&mcid=500020&playurlVersion=WX-A1-9.9.2-SNAPSHOT&userid=&jmhm=&videocodec=h264&appCode=miguvideo_android&bean=mgspad&tid=android&conFee=0&encrypt=a66559c9c86293f60be97e6b5270beff
   速度: 7311.52KB/s | 数据量: 7.3KB | 总耗时: 0.02s
[2026-09-30 20:23:12] ✅ 测速成功: http://hlsztemgsplive.miguvideo.com:8080/wd_r3/2018/nfmedia/nfws/1000/index.m3u8?msisdn=2026092922030575b2ad26d5ff430cace805c741c17e6a&mdspid=&spid=699054&netType=0&sid=2200322852&pid=2028597139&timestamp=20260929220305&Channel_ID=0116_2600000900-99000-201600010010027&ProgramID=608917627&ParentNodeID=-99&assertID=2200322852&client_ip=171.8.79.254&SecurityKey=20260929220305&promotionId=&mvid=2200322852&mcid=500020&playurlVersion=WX-A1-9.9.2-SNAPSHOT&userid=&jmhm=&videocodec=h264&appCode=miguvideo_android&bean=mgspad&tid=android&conFee=0&encrypt=99e30ac8c278d159c3c41736795e04c5
   速度: 7311.52KB/s | 数据量: 7.3KB | 总耗时: 0.02s
[2026-09-30 20:23:12] ✅ 测速成功: http://107.150.60.122/live/gdwshd.m3u8
   速度: 199.22KB/s | 数据量: 0.2KB | 总耗时: 0.15s
[2026-09-30 20:23:12] ✅ 测速成功: http://63.141.230.178:82/gslb/zbdq5.m3u8?id=gdwshd
   速度: 195.31KB/s | 数据量: 0.2KB | 总耗时: 0.22s
[2026-09-30 20:23:12] ✅ 测速成功: http://bp-resource-dfl.bestv.cn/155/3/video.m3u8
   速度: 832.03KB/s | 数据量: 0.8KB | 总耗时: 0.58s
[2026-09-30 20:23:13] ✅ 测速成功: http://122.152.202.33/s/81a8a44f/index.m3u8?id=fhhk TVB
   速度: 187.50KB/s | 数据量: 0.2KB | 总耗时: 0.77s
[2026-09-30 20:23:13] ✅ 测速成功: http://122.152.202.33/s/81a8a44f/index.m3u8?id=15
   速度: 187.50KB/s | 数据量: 0.2KB | 总耗时: 0.78s
[2026-09-30 20:23:13] ✅ 测速成功: http://122.152.202.33/s/81a8a44f/index.m3u8?id=fhhk
   速度: 187.50KB/s | 数据量: 0.2KB | 总耗时: 0.78s
[2026-09-30 20:23:13] ✅ 测速成功: http://hlsztemgsplive.miguvideo.com:8080/wd_r2/2018/ocn/hubeiwshd/1000/index.m3u8?msisdn=202609292203065a2d6a0d80a14a97b4a31b66474966b2&mdspid=&spid=600633&netType=0&sid=5910022163&pid=2028597139&timestamp=20260929220306&Channel_ID=0116_2600000900-99000-201600010010027&ProgramID=947472496&ParentNodeID=-99&assertID=5910022163&client_ip=171.8.79.254&SecurityKey=20260929220306&promotionId=&mvid=5900004355&mcid=500020&playurlVersion=WX-A1-9.9.2-SNAPSHOT&userid=&jmhm=&videocodec=h264&appCode=miguvideo_android&bean=mgspad&tid=android&conFee=0&encrypt=1eda11a67d802cdcf87c4f9041f8293c
   速度: 7311.52KB/s | 数据量: 7.3KB | 总耗时: 0.02s
[2026-09-30 20:23:13] ❌ 测速失败: https://liveout.xntv.tv/a65jur/96iln2.m3u8
   错误: HTTPSConnectionPool(host='liveout.xntv.tv', port=443): Read timed out. (read timeout=3.05) | 域名: liveout.xntv.tv
[2026-09-30 20:23:13] ✅ 测速成功: http://hlsztemgsplive.miguvideo.com:8080/migu/kailu/hbws/50/20251225/index.m3u8?msisdn=202609292201218984ae1f53bd483cae08c238611d8162&mdspid=&spid=600725&netType=0&sid=5910022316&pid=2028597139&timestamp=20260929220121&Channel_ID=0116_2600000900-99000-201600010010027&ProgramID=962042070&ParentNodeID=-99&assertID=5910022316&client_ip=171.8.79.254&SecurityKey=20260929220121&promotionId=&mvid=5900006782&mcid=500020&playurlVersion=WX-A1-9.9.2-SNAPSHOT&userid=&jmhm=&videocodec=h264&appCode=miguvideo_android&bean=mgspad&tid=android&conFee=0&encrypt=8c1fbd0809dbf6742dca1cb042d18db6
   速度: 7311.52KB/s | 数据量: 7.3KB | 总耗时: 0.02s
[2026-09-30 20:23:13] ✅ 测速成功: http://hlsztemgsplive.miguvideo.com:8080/migu/kailu/nxjj/50/20251225/index.m3u8?msisdn=20260929220307880d965d91604ff28bf6ea4f0cd5e46e&mdspid=&spid=600697&netType=0&sid=5910022409&pid=2028597139&timestamp=20260929220307&Channel_ID=0116_2600000900-99000-201600010010027&ProgramID=738906901&ParentNodeID=-99&assertID=5910022409&client_ip=171.8.79.254&SecurityKey=20260929220307&promotionId=&mvid=5900004349&mcid=500020&playurlVersion=WX-A1-9.9.2-SNAPSHOT&userid=&jmhm=&videocodec=h264&appCode=miguvideo_android&bean=mgspad&tid=android&conFee=0&encrypt=ab18020e805253cc87be87cc3ab1e066
   速度: 7311.52KB/s | 数据量: 7.3KB | 总耗时: 0.04s
[2026-09-30 20:23:13] ✅ 测速成功: http://live.zohi.tv/video/s10001-fztv-3/index.m3u8
   速度: 498.05KB/s | 数据量: 0.5KB | 总耗时: 1.38s
[2026-09-30 20:23:13] ✅ 测速成功: https://hlscdn.liangtv.cn/live/0c4ef3a44b934cacb8b47121dfada66c/d7e04258157b480dae53883cc6f8123b.m3u8
   速度: 179.69KB/s | 数据量: 0.2KB | 总耗时: 0.82s
[2026-09-30 20:23:14] ✅ 测速成功: http://hlsztemgsplive.miguvideo.com:8080/envivo_x/SD/lvyou/711/index.m3u8?msisdn=2026092922011875cb0ccb28554896be90696f02b6dcdc&mdspid=&spid=600633&netType=0&sid=5910022165&pid=2028597139&timestamp=20260929220118&Channel_ID=0116_2600000900-99000-201600010010027&ProgramID=947472502&ParentNodeID=-99&assertID=5910022165&client_ip=171.8.79.254&SecurityKey=20260929220118&promotionId=&mvid=5900004359&mcid=500020&playurlVersion=WX-A1-9.9.2-SNAPSHOT&userid=&jmhm=&videocodec=h264&appCode=miguvideo_android&bean=mgspad&tid=android&conFee=0&encrypt=60137f3e8ad294b84dcb4194d78957b3
   速度: 7311.52KB/s | 数据量: 7.3KB | 总耗时: 0.33s
[2026-09-30 20:23:14] ✅ 测速成功: http://hlsztemgsplive.miguvideo.com:8080/wd-henanwssd-600/index.m3u8?msisdn=2026092922030550e0e7cd5896459497c3f47294e839d8&mdspid=&spid=600633&netType=0&sid=5910021585&pid=2028597139&timestamp=20260929220305&Channel_ID=0116_2600000900-99000-201600010010027&ProgramID=790187291&ParentNodeID=-99&assertID=5910021585&client_ip=171.8.79.254&SecurityKey=20260929220305&promotionId=&mvid=5900005706&mcid=500020&playurlVersion=WX-A1-9.9.2-SNAPSHOT&userid=&jmhm=&videocodec=h264&appCode=miguvideo_android&bean=mgspad&tid=android&conFee=0&encrypt=895ac529a48c132660804ac37c37b084
   速度: 7311.52KB/s | 数据量: 7.3KB | 总耗时: 0.04s
[2026-09-30 20:23:14] ✅ 测速成功: http://111.59.139.82:11888/tsfile/live/0139_1.m3u8?key=txiptv&playlive=1&authid=0
   速度: 428.71KB/s | 数据量: 0.4KB | 总耗时: 0.53s
[2026-09-30 20:23:14] ✅ 测速成功: http://event.pull.hebtv.com/jishi/weishi_tingyun.m3u8
   速度: 383.79KB/s | 数据量: 0.4KB | 总耗时: 1.53s
[2026-09-30 20:23:14] ✅ 测速成功: http://hlsztemgsplive.miguvideo.com:8080/migu/kailu/haixiaws/50/20230724/index.m3u8?msisdn=20260929220306a3ed51f63ddb4ed8b3551538047c6401&mdspid=&spid=600717&netType=0&sid=5910022183&pid=2028597139&timestamp=20260929220306&Channel_ID=0116_2600000900-99000-201600010010027&ProgramID=849119120&ParentNodeID=-99&assertID=5910022183&client_ip=171.8.79.254&SecurityKey=20260929220306&promotionId=&mvid=5900006231&mcid=500020&playurlVersion=WX-A1-9.9.2-SNAPSHOT&userid=&jmhm=&videocodec=h264&appCode=miguvideo_android&bean=mgspad&tid=android&conFee=0&encrypt=bbeb84e2895bf8f6f5485090cfb98399
   速度: 7311.52KB/s | 数据量: 7.3KB | 总耗时: 0.02s
[2026-09-30 20:23:15] ✅ 测速成功: http://hlsztemgsplive.miguvideo.com:8080/envivo_v/2018/SD/jilin/1000/index.m3u8?msisdn=202609292203066c5d79a1740f400794227717c71ad625&mdspid=&spid=600633&netType=0&sid=5910022164&pid=2028597139&timestamp=20260929220306&Channel_ID=0116_2600000900-99000-201600010010027&ProgramID=947472500&ParentNodeID=-99&assertID=5910022164&client_ip=171.8.79.254&SecurityKey=20260929220306&promotionId=&mvid=5900004357&mcid=500020&playurlVersion=WX-A1-9.9.2-SNAPSHOT&userid=&jmhm=&videocodec=h264&appCode=miguvideo_android&bean=mgspad&tid=android&conFee=0&encrypt=1ebc7281d0754032ad2120e2c84f5093
   速度: 7311.52KB/s | 数据量: 7.3KB | 总耗时: 0.28s
[2026-09-30 20:23:16] ❌ 测速失败: https://idclive.hljtv.com:4430/live/hljws_own.m3u8
   错误: HTTPSConnectionPool(host='idclive.hljtv.com', port=4430): Max retries exceeded with url: /live/hljws_own.m3u8 (Caused by NewConnectionError("HTTPSConnection(host='idclive.hljtv.com', port=4430): Failed to establish a new connection: [Errno 101] Network is unreachable")) | 域名: idclive.hljtv.com
[2026-09-30 20:23:16] ✅ 测速成功: http://hlsztemgsplive.miguvideo.com:8080/wd_r2/cctv/jiangsuhd/600/index.m3u8?msisdn=2026092922030421bf7e7245f34637add28904fb592085&mdspid=&spid=699067&netType=0&sid=5500199408&pid=2028597139&timestamp=20260929220304&Channel_ID=0116_2600000900-99000-201600010010027&ProgramID=623899368&ParentNodeID=-99&assertID=5500199408&client_ip=171.8.79.254&SecurityKey=20260929220304&promotionId=&mvid=5100156802&mcid=500020&playurlVersion=WX-A1-9.9.2-SNAPSHOT&userid=&jmhm=&videocodec=h264&appCode=miguvideo_android&bean=mgspad&tid=android&conFee=0&encrypt=ba6495f560c5dd40f8893bac4ec52518
   速度: 7311.52KB/s | 数据量: 7.3KB | 总耗时: 0.26s
[2026-09-30 20:23:16] ✅ 测速成功: http://hlsztemgsplive.miguvideo.com:8080/migu/kailu/jxwshd/50/20190820/index.m3u8?msisdn=202609292203055d88a6889c4b462e9ba43127b189e806&mdspid=&spid=600633&netType=0&sid=5910021492&pid=2028597139&timestamp=20260929220305&Channel_ID=0116_2600000900-99000-201600010010027&ProgramID=783847495&ParentNodeID=-99&assertID=5910021492&client_ip=171.8.79.254&SecurityKey=20260929220305&promotionId=&mvid=5900004351&mcid=500020&playurlVersion=WX-A1-9.9.2-SNAPSHOT&userid=&jmhm=&videocodec=h264&appCode=miguvideo_android&bean=mgspad&tid=android&conFee=0&encrypt=2b8f7769b02de3f5619df51566414eb2
   速度: 7311.52KB/s | 数据量: 7.3KB | 总耗时: 0.02s
[2026-09-30 20:23:17] ✅ 测速成功: https://txmov2.a.kwimgs.com/upic/2023/01/26/09/BMjAyMzAxMjYwOTE3NDVfNzM5MzQzNzIyXzk0NjI1OTUwNTA3XzBfMw==_b_B81ddda927d33445d544befd008e60109.mp4
   速度: 34190.86KB/s | 数据量: 171008.0KB | 总耗时: 5.54s
[2026-09-30 20:23:17] ✅ 测速成功: http://hlsztemgsplive.miguvideo.com:8080/wd_r2/2018/ocn/liaoningwshd/1000/index.m3u8?msisdn=2026092922030547e495e264444a2e8a7a2ee69ff14bc5&mdspid=&spid=600572&netType=0&sid=5910022198&pid=2028597139&timestamp=20260929220305&Channel_ID=0116_2600000900-99000-201600010010027&ProgramID=630291707&ParentNodeID=-99&assertID=5910022198&client_ip=171.8.79.254&SecurityKey=20260929220305&promotionId=&mvid=5101043014&mcid=500020&playurlVersion=WX-A1-9.9.2-SNAPSHOT&userid=&jmhm=&videocodec=h264&appCode=miguvideo_android&bean=mgspad&tid=android&conFee=0&encrypt=a133e983f2068c7d34bb4141d310c413
   速度: 7311.52KB/s | 数据量: 7.3KB | 总耗时: 0.02s
[2026-09-30 20:23:20] ❌ 测速失败: http://genglei.8866.org:9901/tsfile/live/1024_1.m3u8?key=txiptv&playlive=1&authid=0
   错误: HTTPConnectionPool(host='genglei.8866.org', port=9901): Max retries exceeded with url: /tsfile/live/1024_1.m3u8?key=txiptv&playlive=1&authid=0 (Caused by ConnectTimeoutError(<HTTPConnection(host='genglei.8866.org', port=9901) at 0x7f84356c2be0>, 'Connection to genglei.8866.org timed out. (connect timeout=3.05)')) | 域名: genglei.8866.org
[2026-09-30 20:23:20] ❌ 测速失败: http://genglei.8866.org:9901/tsfile/live/1019_1.m3u8?key=txiptv&playlive=1&authid=0
   错误: HTTPConnectionPool(host='genglei.8866.org', port=9901): Max retries exceeded with url: /tsfile/live/1019_1.m3u8?key=txiptv&playlive=1&authid=0 (Caused by ConnectTimeoutError(<HTTPConnection(host='genglei.8866.org', port=9901) at 0x7f84357caad0>, 'Connection to genglei.8866.org timed out. (connect timeout=3.05)')) | 域名: genglei.8866.org
[2026-09-30 20:23:20] ❌ 测速失败: http://genglei.8866.org:9901/tsfile/live/1025_1.m3u8?key=txiptv&playlive=1&authid=0
   错误: HTTPConnectionPool(host='genglei.8866.org', port=9901): Max retries exceeded with url: /tsfile/live/1025_1.m3u8?key=txiptv&playlive=1&authid=0 (Caused by ConnectTimeoutError(<HTTPConnection(host='genglei.8866.org', port=9901) at 0x7f84356c0e20>, 'Connection to genglei.8866.org timed out. (connect timeout=3.05)')) | 域名: genglei.8866.org
[2026-09-30 20:23:20] ❌ 测速失败: http://genglei.8866.org:9901/tsfile/live/1015_1.m3u8?key=txiptv&playlive=1&authid=0
   错误: HTTPConnectionPool(host='genglei.8866.org', port=9901): Max retries exceeded with url: /tsfile/live/1015_1.m3u8?key=txiptv&playlive=1&authid=0 (Caused by ConnectTimeoutError(<HTTPConnection(host='genglei.8866.org', port=9901) at 0x7f84356c2030>, 'Connection to genglei.8866.org timed out. (connect timeout=3.05)')) | 域名: genglei.8866.org
[2026-09-30 20:23:20] ❌ 测速失败: http://genglei.8866.org:9901/tsfile/live/1026_1.m3u8?key=txiptv&playlive=1&authid=0
   错误: HTTPConnectionPool(host='genglei.8866.org', port=9901): Max retries exceeded with url: /tsfile/live/1026_1.m3u8?key=txiptv&playlive=1&authid=0 (Caused by ConnectTimeoutError(<HTTPConnection(host='genglei.8866.org', port=9901) at 0x7f84356c2470>, 'Connection to genglei.8866.org timed out. (connect timeout=3.05)')) | 域名: genglei.8866.org
[2026-09-30 20:23:20] ❌ 测速失败: http://genglei.8866.org:9901/tsfile/live/1037_1.m3u8?key=txiptv&playlive=1&authid=0
   错误: HTTPConnectionPool(host='genglei.8866.org', port=9901): Max retries exceeded with url: /tsfile/live/1037_1.m3u8?key=txiptv&playlive=1&authid=0 (Caused by ConnectTimeoutError(<HTTPConnection(host='genglei.8866.org', port=9901) at 0x7f84357ca580>, 'Connection to genglei.8866.org timed out. (connect timeout=3.05)')) | 域名: genglei.8866.org
[2026-09-30 20:23:20] ❌ 测速失败: http://genglei.8866.org:9901/tsfile/live/1022_1.m3u8?key=txiptv&playlive=1&authid=0
   错误: HTTPConnectionPool(host='genglei.8866.org', port=9901): Max retries exceeded with url: /tsfile/live/1022_1.m3u8?key=txiptv&playlive=1&authid=0 (Caused by ConnectTimeoutError(<HTTPConnection(host='genglei.8866.org', port=9901) at 0x7f84356c17b0>, 'Connection to genglei.8866.org timed out. (connect timeout=3.05)')) | 域名: genglei.8866.org
[2026-09-30 20:23:20] ❌ 测速失败: http://genglei.8866.org:9901/tsfile/live/1023_1.m3u8?key=txiptv&playlive=1&authid=0
   错误: HTTPConnectionPool(host='genglei.8866.org', port=9901): Max retries exceeded with url: /tsfile/live/1023_1.m3u8?key=txiptv&playlive=1&authid=0 (Caused by ConnectTimeoutError(<HTTPConnection(host='genglei.8866.org', port=9901) at 0x7f84357caf10>, 'Connection to genglei.8866.org timed out. (connect timeout=3.05)')) | 域名: genglei.8866.org
[2026-09-30 20:23:20] ❌ 测速失败: http://genglei.8866.org:9901/tsfile/live/1029_1.m3u8?key=txiptv&playlive=1&authid=0
   错误: HTTPConnectionPool(host='genglei.8866.org', port=9901): Max retries exceeded with url: /tsfile/live/1029_1.m3u8?key=txiptv&playlive=1&authid=0 (Caused by ConnectTimeoutError(<HTTPConnection(host='genglei.8866.org', port=9901) at 0x7f84357cabe0>, 'Connection to genglei.8866.org timed out. (connect timeout=3.05)')) | 域名: genglei.8866.org
[2026-09-30 20:23:20] ✅ 测速成功: http://hlsztemgsplive.miguvideo.com:8080/envivo_x/2018/SD/ningxia/1000/index.m3u8?msisdn=20260929220307bdb21456a91b4b3a87433aa1ad322518&mdspid=&spid=600697&netType=0&sid=5910022262&pid=2028597139&timestamp=20260929220307&Channel_ID=0116_2600000900-99000-201600010010027&ProgramID=738910535&ParentNodeID=-99&assertID=5910022262&client_ip=171.8.79.254&SecurityKey=20260929220307&promotionId=&mvid=5900004337&mcid=500020&playurlVersion=WX-A1-9.9.2-SNAPSHOT&userid=&jmhm=&videocodec=h264&appCode=miguvideo_android&bean=mgspad&tid=android&conFee=0&encrypt=e8543038de0ebb5b8fdcd582ec11fa77
   速度: 7311.52KB/s | 数据量: 7.3KB | 总耗时: 0.15s
[2026-09-30 20:23:20] ✅ 测速成功: http://hlsztemgsplive.miguvideo.com:8080/envivo_w/2018/SD/qinghai/1000/index.m3u8?msisdn=20260929220306cdea09aa76ff4f568d4a495da9433b58&mdspid=&spid=600633&netType=0&sid=5910022166&pid=2028597139&timestamp=20260929220306&Channel_ID=0116_2600000900-99000-201600010010027&ProgramID=947472506&ParentNodeID=-99&assertID=5910022166&client_ip=171.8.79.254&SecurityKey=20260929220306&promotionId=&mvid=5900004353&mcid=500020&playurlVersion=WX-A1-9.9.2-SNAPSHOT&userid=&jmhm=&videocodec=h264&appCode=miguvideo_android&bean=mgspad&tid=android&conFee=0&encrypt=50b5c6fe50f11aa0d65a2860a0abccd8
   速度: 7311.52KB/s | 数据量: 7.3KB | 总耗时: 0.15s
[2026-09-30 20:23:20] ✅ 测速成功: http://hlsztemgsplive.miguvideo.com:8080/migu/kailu/ssws/50/20251127/index.m3u8?msisdn=202609292203077379c33a738d4446b0d1108d6808b52a&mdspid=&spid=600697&netType=0&sid=5910022307&pid=2028597139&timestamp=20260929220307&Channel_ID=0116_2600000900-99000-201600010010027&ProgramID=961023778&ParentNodeID=-99&assertID=5910022307&client_ip=171.8.79.254&SecurityKey=20260929220307&promotionId=&mvid=5900006777&mcid=500020&playurlVersion=WX-A1-9.9.2-SNAPSHOT&userid=&jmhm=&videocodec=h264&appCode=miguvideo_android&bean=mgspad&tid=android&conFee=0&encrypt=cb0197e782c52c1372181b2c1acea5fb
   速度: 7311.52KB/s | 数据量: 7.3KB | 总耗时: 0.15s
[2026-09-30 20:23:20] ✅ 测速成功: http://38.75.136.137:98/gslb/dsdqpub/ssws.m3u8?auth=testpub
   速度: 190.43KB/s | 数据量: 0.2KB | 总耗时: 0.19s
[2026-09-30 20:23:20] ✅ 测速成功: http://hlsztemgsplive.miguvideo.com:8080/migu/kailu/shan3xiws/50/20220809/index.m3u8?msisdn=20260929220128331fe2461d7c450faec0aab5153fddf3&mdspid=&spid=600633&netType=0&sid=5910020475&pid=2028597139&timestamp=20260929220128&Channel_ID=0116_2600000900-99000-201600010010027&ProgramID=738910838&ParentNodeID=-99&assertID=5910020475&client_ip=171.8.79.254&SecurityKey=20260929220128&promotionId=&mvid=5900004331&mcid=500020&playurlVersion=WX-A1-9.9.2-SNAPSHOT&userid=&jmhm=&videocodec=h264&appCode=miguvideo_android&bean=mgspad&tid=android&conFee=0&encrypt=41527ea42408f06b62ff8c9e9c5bd6c2
   速度: 7311.52KB/s | 数据量: 7.3KB | 总耗时: 0.28s
[2026-09-30 20:23:20] ✅ 测速成功: http://153.0.171.163:9901/tsfile/live/0118_1.m3u8?key=txiptv&playlive=1&authid=0
   速度: 417.97KB/s | 数据量: 0.4KB | 总耗时: 0.54s
[2026-09-30 20:23:20] ✅ 测速成功: http://119.39.9.8:9901/tsfile/live/0118_1.m3u8
   速度: 2038.09KB/s | 数据量: 2.0KB | 总耗时: 0.60s
[2026-09-30 20:23:21] ✅ 测速成功: http://153.0.171.163:9901/tsfile/live/0135_1.m3u8?key=txiptv&playlive=1&authid=0
   速度: 417.97KB/s | 数据量: 0.4KB | 总耗时: 0.53s
[2026-09-30 20:23:21] ✅ 测速成功: http://play1-qk.nmtv.cn/live/1769652018126032.m3u8
   速度: 321.29KB/s | 数据量: 0.3KB | 总耗时: 1.57s
[2026-09-30 20:23:21] ✅ 测速成功: http://38.75.136.137:98/gslb/dsdqpub/tjwshd.m3u8?auth=testpub
   速度: 195.31KB/s | 数据量: 0.2KB | 总耗时: 0.19s
[2026-09-30 20:23:24] ✅ 测速成功: https://hkstv.tv/api/m3u8-proxy?url=http%3A%2F%2Fwebcast.hkstv.tv%2Flivestream%2Fmutfysrq%2Fplaylist.m3u8
   速度: 114.26KB/s | 数据量: 0.1KB | 总耗时: 2.15s
[2026-09-30 20:23:24] ❌ 测速失败: http://genglei.8866.org:9901/tsfile/live/1031_1.m3u8?key=txiptv&playlive=1&authid=0
   错误: HTTPConnectionPool(host='genglei.8866.org', port=9901): Max retries exceeded with url: /tsfile/live/1031_1.m3u8?key=txiptv&playlive=1&authid=0 (Caused by ConnectTimeoutError(<HTTPConnection(host='genglei.8866.org', port=9901) at 0x7f84357cb130>, 'Connection to genglei.8866.org timed out. (connect timeout=3.05)')) | 域名: genglei.8866.org
[2026-09-30 20:23:24] ❌ 测速失败: http://genglei.8866.org:9901/tsfile/live/1013_1.m3u8?key=txiptv&playlive=1&authid=0
   错误: HTTPConnectionPool(host='genglei.8866.org', port=9901): Max retries exceeded with url: /tsfile/live/1013_1.m3u8?key=txiptv&playlive=1&authid=0 (Caused by ConnectTimeoutError(<HTTPConnection(host='genglei.8866.org', port=9901) at 0x7f84357cacf0>, 'Connection to genglei.8866.org timed out. (connect timeout=3.05)')) | 域名: genglei.8866.org
[2026-09-30 20:23:24] ❌ 测速失败: http://genglei.8866.org:9901/tsfile/live/1012_1.m3u8?key=txiptv&playlive=1&authid=0
   错误: HTTPConnectionPool(host='genglei.8866.org', port=9901): Max retries exceeded with url: /tsfile/live/1012_1.m3u8?key=txiptv&playlive=1&authid=0 (Caused by ConnectTimeoutError(<HTTPConnection(host='genglei.8866.org', port=9901) at 0x7f84357caad0>, 'Connection to genglei.8866.org timed out. (connect timeout=3.05)')) | 域名: genglei.8866.org
[2026-09-30 20:23:24] ❌ 测速失败: http://genglei.8866.org:9901/tsfile/live/1033_1.m3u8?key=txiptv&playlive=1&authid=0
   错误: HTTPConnectionPool(host='genglei.8866.org', port=9901): Max retries exceeded with url: /tsfile/live/1033_1.m3u8?key=txiptv&playlive=1&authid=0 (Caused by ConnectTimeoutError(<HTTPConnection(host='genglei.8866.org', port=9901) at 0x7f84357ca360>, 'Connection to genglei.8866.org timed out. (connect timeout=3.05)')) | 域名: genglei.8866.org
[2026-09-30 20:23:24] ❌ 测速失败: http://genglei.8866.org:9901/tsfile/live/1003_1.m3u8?key=txiptv&playlive=1&authid=0
   错误: HTTPConnectionPool(host='genglei.8866.org', port=9901): Max retries exceeded with url: /tsfile/live/1003_1.m3u8?key=txiptv&playlive=1&authid=0 (Caused by ConnectTimeoutError(<HTTPConnection(host='genglei.8866.org', port=9901) at 0x7f84356c1370>, 'Connection to genglei.8866.org timed out. (connect timeout=3.05)')) | 域名: genglei.8866.org
[2026-09-30 20:23:24] ❌ 测速失败: http://genglei.8866.org:9901/tsfile/live/1020_1.m3u8?key=txiptv&playlive=1&authid=0
   错误: HTTPConnectionPool(host='genglei.8866.org', port=9901): Max retries exceeded with url: /tsfile/live/1020_1.m3u8?key=txiptv&playlive=1&authid=0 (Caused by ConnectTimeoutError(<HTTPConnection(host='genglei.8866.org', port=9901) at 0x7f84357ca7a0>, 'Connection to genglei.8866.org timed out. (connect timeout=3.05)')) | 域名: genglei.8866.org
[2026-09-30 20:23:24] ❌ 测速失败: http://genglei.8866.org:9901/tsfile/live/1030_1.m3u8?key=txiptv&playlive=1&authid=0
   错误: HTTPConnectionPool(host='genglei.8866.org', port=9901): Max retries exceeded with url: /tsfile/live/1030_1.m3u8?key=txiptv&playlive=1&authid=0 (Caused by ConnectTimeoutError(<HTTPConnection(host='genglei.8866.org', port=9901) at 0x7f84357ca9c0>, 'Connection to genglei.8866.org timed out. (connect timeout=3.05)')) | 域名: genglei.8866.org
[2026-09-30 20:23:24] ❌ 测速失败: http://genglei.8866.org:9901/tsfile/live/1017_1.m3u8?key=txiptv&playlive=1&authid=0
   错误: HTTPConnectionPool(host='genglei.8866.org', port=9901): Max retries exceeded with url: /tsfile/live/1017_1.m3u8?key=txiptv&playlive=1&authid=0 (Caused by ConnectTimeoutError(<HTTPConnection(host='genglei.8866.org', port=9901) at 0x7f84356c1260>, 'Connection to genglei.8866.org timed out. (connect timeout=3.05)')) | 域名: genglei.8866.org
[2026-09-30 20:23:24] ❌ 测速失败: http://genglei.8866.org:9901/tsfile/live/1032_1.m3u8?key=txiptv&playlive=1&authid=0
   错误: HTTPConnectionPool(host='genglei.8866.org', port=9901): Max retries exceeded with url: /tsfile/live/1032_1.m3u8?key=txiptv&playlive=1&authid=0 (Caused by ConnectTimeoutError(<HTTPConnection(host='genglei.8866.org', port=9901) at 0x7f84357cb680>, 'Connection to genglei.8866.org timed out. (connect timeout=3.05)')) | 域名: genglei.8866.org
[2026-09-30 20:23:25] ✅ 测速成功: http://112.27.5.218:9901/tsfile/live/0111_1.m3u8?key=txiptv&playlive=1&authid=0
   速度: 428.71KB/s | 数据量: 0.4KB | 总耗时: 0.44s
[2026-09-30 20:23:25] ✅ 测速成功: http://hlsztemgsplive.miguvideo.com:8080/migu/kailu/zgnlws/50/20250804/index.m3u8?msisdn=202609292203063507874d1a9c4129b575ed50aa972aee&mdspid=&spid=600572&netType=0&sid=5910022186&pid=2028597139&timestamp=20260929220306&Channel_ID=0116_2600000900-99000-201600010010027&ProgramID=956904896&ParentNodeID=-99&assertID=5910022186&client_ip=171.8.79.254&SecurityKey=20260929220306&promotionId=&mvid=5900006709&mcid=500020&playurlVersion=WX-A1-9.9.2-SNAPSHOT&userid=&jmhm=&videocodec=h264&appCode=miguvideo_android&bean=mgspad&tid=android&conFee=0&encrypt=f4370b823985b270072baefd0e1863a0
   速度: 7311.52KB/s | 数据量: 7.3KB | 总耗时: 0.02s
[2026-09-30 20:23:25] ✅ 测速成功: http://113.57.140.161:10081/newlive/live/hls/28/live.m3u8
   速度: 232.42KB/s | 数据量: 0.2KB | 总耗时: 0.52s
[2026-09-30 20:23:25] ✅ 测速成功: http://218.84.12.186:8001/hls/main/playlist.m3u8?zxinjd;http://218.84.12.186:8001/hls/main/playlist.m3u8zxinjd
   速度: 325.20KB/s | 数据量: 0.3KB | 总耗时: 0.62s
[2026-09-30 20:23:25] ✅ 测速成功: http://222.169.85.8:9901/tsfile/live/0110_1.m3u8
   速度: 428.71KB/s | 数据量: 0.4KB | 总耗时: 1.34s
[2026-09-30 20:23:25] ✅ 测速成功: http://hlsztemgsplive.miguvideo.com:8080/wd_r2/cctv/cctv1hd/600/index.m3u8?msisdn=202609301801030b8111374a5d43919ed833b02095d741&mdspid=&spid=699004&netType=0&sid=2201057821&pid=2028597139&timestamp=20260930180103&Channel_ID=0116_2600000900-99000-201600010010027&ProgramID=608807420&ParentNodeID=-99&assertID=2201057821&client_ip=171.8.79.254&SecurityKey=20260930180103&promotionId=&mvid=2201057821&mcid=500020&playurlVersion=WX-A1-9.9.2-SNAPSHOT&userid=&jmhm=&videocodec=h264&appCode=miguvideo_android&bean=mgspad&tid=android&conFee=0&encrypt=049a6fa60d35c0daea156ff59eb986a5
   速度: 7311.52KB/s | 数据量: 7.3KB | 总耗时: 0.25s
[2026-09-30 20:23:25] ✅ 测速成功: http://hlsztemgsplive.miguvideo.com:8080/wd_r2/cctv/cctv2hd/600/index.m3u8?msisdn=2026093018010685eebc2a06134f33851808fd86049c6a&mdspid=&spid=699004&netType=0&sid=5500346945&pid=2028597139&timestamp=20260930180106&Channel_ID=0116_2600000900-99000-201600010010027&ProgramID=631780532&ParentNodeID=-99&assertID=5500346945&client_ip=171.8.79.254&SecurityKey=20260930180106&promotionId=&mvid=5101064231&mcid=500020&playurlVersion=WX-A1-9.9.2-SNAPSHOT&userid=&jmhm=&videocodec=h264&appCode=miguvideo_android&bean=mgspad&tid=android&conFee=0&encrypt=4df1b3aaef45c6b32f2e2708b23ea2b4
   速度: 7311.52KB/s | 数据量: 7.3KB | 总耗时: 0.02s
[2026-09-30 20:23:25] ✅ 测速成功: http://hlsztemgsplive.miguvideo.com:8080/wd_r2/2018/ocn/cctv3hd/1000/index.m3u8?msisdn=20260930180109542362fbd9074d769df280ff89952889&mdspid=&spid=699004&netType=0&sid=5500212864&pid=2028597139&timestamp=20260930180109&Channel_ID=0116_2600000900-99000-201600010010027&ProgramID=624878271&ParentNodeID=-99&assertID=5500212864&client_ip=171.8.79.254&SecurityKey=20260930180109&promotionId=&mvid=5100001683&mcid=500020&playurlVersion=WX-A1-9.9.2-SNAPSHOT&userid=&jmhm=&videocodec=h264&appCode=miguvideo_android&bean=mgspad&tid=android&conFee=0&encrypt=16461b63c18c8e7de7943e2328311a59
   速度: 7311.52KB/s | 数据量: 7.3KB | 总耗时: 0.02s
[2026-09-30 20:23:25] ✅ 测速成功: http://hlsztemgsplive.miguvideo.com:8080/wd_r2/cctv/cctv4hd/600/index.m3u8?msisdn=20260930180113ba5558ca1b664e1eb2bb18b3e926695c&mdspid=&spid=699004&netType=0&sid=5500346947&pid=2028597139&timestamp=20260930180113&Channel_ID=0116_2600000900-99000-201600010010027&ProgramID=631780421&ParentNodeID=-99&assertID=5500346947&client_ip=171.8.79.254&SecurityKey=20260930180113&promotionId=&mvid=5101064235&mcid=500020&playurlVersion=WX-A1-9.9.2-SNAPSHOT&userid=&jmhm=&videocodec=h264&appCode=miguvideo_android&bean=mgspad&tid=android&conFee=0&encrypt=a6fa63b24604c7dc6960c1eb18464feb
   速度: 7311.52KB/s | 数据量: 7.3KB | 总耗时: 0.02s
[2026-09-30 20:23:25] ✅ 测速成功: http://hlsztemgsplive.miguvideo.com:8080/wd_r2/cctv/cctv5hdnew/600/index.m3u8?msisdn=2026093020025941fdfe9035ee4f919bb95711b5a383ca&mdspid=&spid=699004&netType=0&sid=5500516171&pid=2028597139&timestamp=20260930200259&Channel_ID=0116_2600000900-99000-201600010010027&ProgramID=641886683&ParentNodeID=-99&assertID=5500516171&client_ip=171.8.79.254&SecurityKey=20260930200259&promotionId=&mvid=5102048712&mcid=500020&playurlVersion=WX-A1-9.9.2-SNAPSHOT&userid=&jmhm=&videocodec=h264&appCode=miguvideo_android&bean=mgspad&tid=android&conFee=0&encrypt=91cef8f9852ccba7e5dd16fce3fd931d
   速度: 7311.52KB/s | 数据量: 7.3KB | 总耗时: 0.02s
[2026-09-30 20:23:25] ✅ 测速成功: http://hlsztemgsplive.miguvideo.com:8080/wd_r2/2018/ocn/cctv6hd/1000/index.m3u8?msisdn=20260930180259d1a9398e9c554c11b0c43d24e9509a88&mdspid=&spid=699004&netType=0&sid=5500212872&pid=2028597139&timestamp=20260930180259&Channel_ID=0116_2600000900-99000-201600010010027&ProgramID=624878396&ParentNodeID=-99&assertID=5500212872&client_ip=171.8.79.254&SecurityKey=20260930180259&promotionId=&mvid=5100001694&mcid=500020&playurlVersion=WX-A1-9.9.2-SNAPSHOT&userid=&jmhm=&videocodec=h264&appCode=miguvideo_android&bean=mgspad&tid=android&conFee=0&encrypt=8b26cfc92d78fe69caff877f6e792bfe
   速度: 7311.52KB/s | 数据量: 7.3KB | 总耗时: 0.05s
[2026-09-30 20:23:25] ✅ 测速成功: http://hlsztemgsplive.miguvideo.com:8080/migu/kailu/20200324/cctv7hd/50/index.m3u8?msisdn=202609301801240ae1285b67bb4919b83c8b5761e54be4&mdspid=&spid=699004&netType=0&sid=5501083622&pid=2028597139&timestamp=20260930180124&Channel_ID=0116_2600000900-99000-201600010010027&ProgramID=673168121&ParentNodeID=-99&assertID=5501083622&client_ip=171.8.79.254&SecurityKey=20260930180124&promotionId=&mvid=5102910278&mcid=500020&playurlVersion=WX-A1-9.9.2-SNAPSHOT&userid=&jmhm=&videocodec=h264&appCode=miguvideo_android&bean=mgspad&tid=android&conFee=0&encrypt=f85910dfbda15402e329349f535475c7
   速度: 7311.52KB/s | 数据量: 7.3KB | 总耗时: 0.02s
[2026-09-30 20:23:25] ✅ 测速成功: http://hlsztemgsplive.miguvideo.com:8080/wd_r2/2018/ocn/cctv8hd/1000/index.m3u8?msisdn=202609301802599e11b262c08a4f7c89f10ada01c9b8e5&mdspid=&spid=699004&netType=0&sid=5500212868&pid=2028597139&timestamp=20260930180259&Channel_ID=0116_2600000900-99000-201600010010027&ProgramID=624878356&ParentNodeID=-99&assertID=5500212868&client_ip=171.8.79.254&SecurityKey=20260930180259&promotionId=&mvid=5100001695&mcid=500020&playurlVersion=WX-A1-9.9.2-SNAPSHOT&userid=&jmhm=&videocodec=h264&appCode=miguvideo_android&bean=mgspad&tid=android&conFee=0&encrypt=9ddd25e1bca609fe8df5f0385848b55a
   速度: 7311.52KB/s | 数据量: 7.3KB | 总耗时: 0.02s
[2026-09-30 20:23:25] ✅ 测速成功: http://hlsztemgsplive.miguvideo.com:8080/migu/kailu/20200324/cctv9hd/50/index.m3u8?msisdn=202609301801322f071c2cda27482fa7ab49204532aec1&mdspid=&spid=699004&netType=0&sid=5501083624&pid=2028597139&timestamp=20260930180132&Channel_ID=0116_2600000900-99000-201600010010027&ProgramID=673168140&ParentNodeID=-99&assertID=5501083624&client_ip=171.8.79.254&SecurityKey=20260930180132&promotionId=&mvid=5102910384&mcid=500020&playurlVersion=WX-A1-9.9.2-SNAPSHOT&userid=&jmhm=&videocodec=h264&appCode=miguvideo_android&bean=mgspad&tid=android&conFee=0&encrypt=7b1f364dcf255697ebb48251daf1ddb8
   速度: 7311.52KB/s | 数据量: 7.3KB | 总耗时: 0.02s
[2026-09-30 20:23:25] ✅ 测速成功: http://120.40.39.246:352/newlive/live/hls/32/live.m3u8
   速度: 232.42KB/s | 数据量: 0.2KB | 总耗时: 0.67s
[2026-09-30 20:23:25] ✅ 测速成功: http://hlsztemgsplive.miguvideo.com:8080/migu/kailu/cctv11hd/50/20200103/index.m3u8?msisdn=202609301801399f163c35b21c4e6fb1062dce23418fd1&mdspid=&spid=699004&netType=0&sid=5500988610&pid=2028597139&timestamp=20260930180139&Channel_ID=0116_2600000900-99000-201600010010027&ProgramID=667987558&ParentNodeID=-99&assertID=5500988610&client_ip=171.8.79.254&SecurityKey=20260930180139&promotionId=&mvid=5102751362&mcid=500020&playurlVersion=WX-A1-9.9.2-SNAPSHOT&userid=&jmhm=&videocodec=h264&appCode=miguvideo_android&bean=mgspad&tid=android&conFee=0&encrypt=e292e4c219f41b22eec6b3530d5ea0ed
   速度: 7311.52KB/s | 数据量: 7.3KB | 总耗时: 0.05s
[2026-09-30 20:23:25] ✅ 测速成功: http://hlsztemgsplive.miguvideo.com:8080/wd_r2/2018/ocn/cctv10hd/1000/index.m3u8?msisdn=20260930180135ff75453cb6fd483988bfcba55c8aff12&mdspid=&spid=699004&netType=0&sid=5500212874&pid=2028597139&timestamp=20260930180135&Channel_ID=0116_2600000900-99000-201600010010027&ProgramID=624878405&ParentNodeID=-99&assertID=5500212874&client_ip=171.8.79.254&SecurityKey=20260930180135&promotionId=&mvid=5100001696&mcid=500020&playurlVersion=WX-A1-9.9.2-SNAPSHOT&userid=&jmhm=&videocodec=h264&appCode=miguvideo_android&bean=mgspad&tid=android&conFee=0&encrypt=6a040ef1643a8de6ebc7e49d5f4ae6d1
   速度: 7311.52KB/s | 数据量: 7.3KB | 总耗时: 0.12s
[2026-09-30 20:23:25] ✅ 测速成功: http://hlsztemgsplive.miguvideo.com:8080/migu/kailu/20200324/cctv12hd/50/index.m3u8?msisdn=20260930180300e0526208058a4b33a6f3bf19c0cc86d7&mdspid=&spid=699004&netType=0&sid=5501083627&pid=2028597139&timestamp=20260930180300&Channel_ID=0116_2600000900-99000-201600010010027&ProgramID=673168185&ParentNodeID=-99&assertID=5501083627&client_ip=171.8.79.254&SecurityKey=20260930180300&promotionId=&mvid=5102910389&mcid=500020&playurlVersion=WX-A1-9.9.2-SNAPSHOT&userid=&jmhm=&videocodec=h264&appCode=miguvideo_android&bean=mgspad&tid=android&conFee=0&encrypt=915c15e31a7ac063780e2345edcd7b28
   速度: 7311.52KB/s | 数据量: 7.3KB | 总耗时: 0.02s
[2026-09-30 20:23:25] ✅ 测速成功: http://hlsztemgsplive.miguvideo.com:8080/envivo_x/2018/SD/cctv13/1000/index.m3u8?msisdn=2026093018030006556b8b0d6640c6a8f8064a1509de01&mdspid=&spid=699004&netType=0&sid=2202208864&pid=2028597139&timestamp=20260930180300&Channel_ID=0116_2600000900-99000-201600010010027&ProgramID=608807423&ParentNodeID=-99&assertID=2202208864&client_ip=171.8.79.254&SecurityKey=20260930180300&promotionId=&mvid=2202208864&mcid=500020&playurlVersion=WX-A1-9.9.2-SNAPSHOT&userid=&jmhm=&videocodec=h264&appCode=miguvideo_android&bean=mgspad&tid=android&conFee=0&encrypt=ad331830f0b6233ccf18a3cbeee0882b
   速度: 7311.52KB/s | 数据量: 7.3KB | 总耗时: 0.03s
[2026-09-30 20:23:25] ✅ 测速成功: http://hlsztemgsplive.miguvideo.com:8080/wd_r2/2018/ocn/cctv14hd/1000/index.m3u8?msisdn=20260930180143f6611beb3ee1424ba9d58eccba14723f&mdspid=&spid=699004&netType=0&sid=5500212875&pid=2028597139&timestamp=20260930180143&Channel_ID=0116_2600000900-99000-201600010010027&ProgramID=624878440&ParentNodeID=-99&assertID=5500212875&client_ip=171.8.79.254&SecurityKey=20260930180143&promotionId=&mvid=5100001697&mcid=500020&playurlVersion=WX-A1-9.9.2-SNAPSHOT&userid=&jmhm=&videocodec=h264&appCode=miguvideo_android&bean=mgspad&tid=android&conFee=0&encrypt=d959aa7dc6798cdf232851c28cec763b
   速度: 7311.52KB/s | 数据量: 7.3KB | 总耗时: 0.02s
[2026-09-30 20:23:25] ✅ 测速成功: http://hlsztemgsplive.miguvideo.com:8080/migu/kailu/20200324/cctv17hd/50/index.m3u8?msisdn=20260930180300030ebe09f82947e49fc66f71bdfea839&mdspid=&spid=699004&netType=0&sid=5501083631&pid=2028597139&timestamp=20260930180300&Channel_ID=0116_2600000900-99000-201600010010027&ProgramID=673168256&ParentNodeID=-99&assertID=5501083631&client_ip=171.8.79.254&SecurityKey=20260930180300&promotionId=&mvid=5102910396&mcid=500020&playurlVersion=WX-A1-9.9.2-SNAPSHOT&userid=&jmhm=&videocodec=h264&appCode=miguvideo_android&bean=mgspad&tid=android&conFee=0&encrypt=34e9fb5860f8483da21ee156043b828b
   速度: 7311.52KB/s | 数据量: 7.3KB | 总耗时: 0.02s
[2026-09-30 20:23:25] ✅ 测速成功: http://hlsztemgsplive.miguvideo.com:8080/migu/kailu/20200324/cctv15hd/50/index.m3u8?msisdn=20260930180300bd765566a35049b9bd182832f4074977&mdspid=&spid=699004&netType=0&sid=5501083628&pid=2028597139&timestamp=20260930180300&Channel_ID=0116_2600000900-99000-201600010010027&ProgramID=673168223&ParentNodeID=-99&assertID=5501083628&client_ip=171.8.79.254&SecurityKey=20260930180300&promotionId=&mvid=5102910391&mcid=500020&playurlVersion=WX-A1-9.9.2-SNAPSHOT&userid=&jmhm=&videocodec=h264&appCode=miguvideo_android&bean=mgspad&tid=android&conFee=0&encrypt=ab301abc02ff5bf7200ac883248cc4c6
   速度: 7311.52KB/s | 数据量: 7.3KB | 总耗时: 0.04s
[2026-09-30 20:23:26] ✅ 测速成功: http://hlsztemgsplive.miguvideo.com:8080/migu/kailu/20200324/cctv4meihd/50/index.m3u8?msisdn=202609301803001b53b784242f4945af178656ced7f5d3&mdspid=&spid=699004&netType=0&sid=2200179344&pid=2028597139&timestamp=20260930180300&Channel_ID=0116_2600000900-99000-201600010010027&ProgramID=608807416&ParentNodeID=-99&assertID=2200179344&client_ip=171.8.79.254&SecurityKey=20260930180300&promotionId=&mvid=2200179344&mcid=500020&playurlVersion=WX-A1-9.9.2-SNAPSHOT&userid=&jmhm=&videocodec=h264&appCode=miguvideo_android&bean=mgspad&tid=android&conFee=0&encrypt=a058b5a2db25a2ab94aa3c448c781bf9
   速度: 7311.52KB/s | 数据量: 7.3KB | 总耗时: 0.28s
[2026-09-30 20:23:26] ✅ 测速成功: http://hlsztemgsplive.miguvideo.com:8080/migu/kailu/20200324/cctv4ouhd/50/index.m3u8?msisdn=20260930180300eaff338c93e84682b877b90fdc266098&mdspid=&spid=699004&netType=0&sid=2200179315&pid=2028597139&timestamp=20260930180300&Channel_ID=0116_2600000900-99000-201600010010027&ProgramID=608807419&ParentNodeID=-99&assertID=2200179315&client_ip=171.8.79.254&SecurityKey=20260930180300&promotionId=&mvid=2200179315&mcid=500020&playurlVersion=WX-A1-9.9.2-SNAPSHOT&userid=&jmhm=&videocodec=h264&appCode=miguvideo_android&bean=mgspad&tid=android&conFee=0&encrypt=8ce814960a42c308ecb5f4e292044b08
   速度: 7311.52KB/s | 数据量: 7.3KB | 总耗时: 0.30s
[2026-09-30 20:23:26] ✅ 测速成功: http://hlsztemgsplive.miguvideo.com:8080/envivo_v/2018/SD/cctv/doc/1000/index.m3u8?msisdn=20260930180301afbef7b843604d7a95f0339f26a61a5d&mdspid=&spid=699004&netType=0&sid=2200179356&pid=2028597139&timestamp=20260930180301&Channel_ID=0116_2600000900-99000-201600010010027&ProgramID=609006487&ParentNodeID=-99&assertID=2200179356&client_ip=171.8.79.254&SecurityKey=20260930180301&promotionId=&mvid=2200179356&mcid=500020&playurlVersion=WX-A1-9.9.2-SNAPSHOT&userid=&jmhm=&videocodec=h264&appCode=miguvideo_android&bean=mgspad&tid=android&conFee=0&encrypt=49eda66165569db751dba9b82ed7b9dc
   速度: 7311.52KB/s | 数据量: 7.3KB | 总耗时: 0.02s
[2026-09-30 20:23:26] ✅ 测速成功: http://hlsztemgsplive.miguvideo.com:8080/envivo_v/SD/cctv/alabo/1000/index.m3u8?msisdn=20260930180301a2a1e5644c8545e283156b7b432ab9c1&mdspid=&spid=699004&netType=0&sid=2200179303&pid=2028597139&timestamp=20260930180301&Channel_ID=0116_2600000900-99000-201600010010027&ProgramID=609154345&ParentNodeID=-99&assertID=2200179303&client_ip=171.8.79.254&SecurityKey=20260930180301&promotionId=&mvid=2200179303&mcid=500020&playurlVersion=WX-A1-9.9.2-SNAPSHOT&userid=&jmhm=&videocodec=h264&appCode=miguvideo_android&bean=mgspad&tid=android&conFee=0&encrypt=ad389b5502e3add35a0392068dbc1897
   速度: 7311.52KB/s | 数据量: 7.3KB | 总耗时: 0.02s
[2026-09-30 20:23:26] ✅ 测速成功: http://hlsztemgsplive.miguvideo.com:8080/envivo_v/2018/SD/cctv/xibanya/1000/index.m3u8?msisdn=2026093018030170aa7aaa8eec4149bc851bd96e027cec&mdspid=&spid=699004&netType=0&sid=2200179337&pid=2028597139&timestamp=20260930180301&Channel_ID=0116_2600000900-99000-201600010010027&ProgramID=609006450&ParentNodeID=-99&assertID=2200179337&client_ip=171.8.79.254&SecurityKey=20260930180301&promotionId=&mvid=2200179337&mcid=500020&playurlVersion=WX-A1-9.9.2-SNAPSHOT&userid=&jmhm=&videocodec=h264&appCode=miguvideo_android&bean=mgspad&tid=android&conFee=0&encrypt=415c094bbd1bee501c4d51c0693ca807
   速度: 7311.52KB/s | 数据量: 7.3KB | 总耗时: 0.02s
[2026-09-30 20:23:26] ✅ 测速成功: http://hlsztemgsplive.miguvideo.com:8080/envivo_v/2018/SD/cctv/fayu/1000/index.m3u8?msisdn=202609301803016898f975495c4cc4b438578d12da695c&mdspid=&spid=699004&netType=0&sid=2200179324&pid=2028597139&timestamp=20260930180301&Channel_ID=0116_2600000900-99000-201600010010027&ProgramID=609006476&ParentNodeID=-99&assertID=2200179324&client_ip=171.8.79.254&SecurityKey=20260930180301&promotionId=&mvid=2200179324&mcid=500020&playurlVersion=WX-A1-9.9.2-SNAPSHOT&userid=&jmhm=&videocodec=h264&appCode=miguvideo_android&bean=mgspad&tid=android&conFee=0&encrypt=86687254e44d1499e908cadd9567f801
   速度: 7311.52KB/s | 数据量: 7.3KB | 总耗时: 0.02s
[2026-09-30 20:23:26] ✅ 测速成功: https://srs.iyb983.cn:443/video/CYS/index.m3u8
   速度: 513.67KB/s | 数据量: 0.5KB | 总耗时: 1.83s
[2026-09-30 20:23:26] ✅ 测速成功: https://srs.iyb983.cn/video/CYS/index.m3u8
   速度: 513.67KB/s | 数据量: 0.5KB | 总耗时: 1.83s
[2026-09-30 20:23:26] ✅ 测速成功: http://hlsztemgsplive.miguvideo.com:8080/wd_r3/cnr/faxianzhilv/1000/index.m3u8?msisdn=2026093018030232c014289a1043a5b0a0f06477da81fb&mdspid=&spid=699004&netType=0&sid=5500212893&pid=2028597139&timestamp=20260930180302&Channel_ID=0116_2600000900-99000-201600010010027&ProgramID=624878970&ParentNodeID=-99&assertID=5500212893&client_ip=171.8.79.254&SecurityKey=20260930180302&promotionId=&mvid=5100001701&mcid=500020&playurlVersion=WX-A1-9.9.2-SNAPSHOT&userid=&jmhm=&videocodec=h264&appCode=miguvideo_android&bean=mgspad&tid=android&conFee=0&encrypt=4240b4d62af8d1d0b5ecdfe4921261a6
   速度: 7311.52KB/s | 数据量: 7.3KB | 总耗时: 0.15s
[2026-09-30 20:23:26] ✅ 测速成功: http://hlsztemgsplive.miguvideo.com:8080/envivo_v/2018/SD/cctv/eyu/1000/index.m3u8?msisdn=202609301803019fa6402f0568486f869978cfd22154e1&mdspid=&spid=699004&netType=0&sid=2200179332&pid=2028597139&timestamp=20260930180301&Channel_ID=0116_2600000900-99000-201600010010027&ProgramID=609006446&ParentNodeID=-99&assertID=2200179332&client_ip=171.8.79.254&SecurityKey=20260930180301&promotionId=&mvid=2200179332&mcid=500020&playurlVersion=WX-A1-9.9.2-SNAPSHOT&userid=&jmhm=&videocodec=h264&appCode=miguvideo_android&bean=mgspad&tid=android&conFee=0&encrypt=126aba3e97fa3406550946aa25ed21a4
   速度: 7311.52KB/s | 数据量: 7.3KB | 总耗时: 0.26s
[2026-09-30 20:23:26] ✅ 测速成功: http://hlsztemgsplive.miguvideo.com:8080/migu/kailu/cctvlaogushi/50/20231109/index.m3u8?msisdn=20260930180301378fc8437fb04f9abc1b52d1e575f3a3&mdspid=&spid=699004&netType=0&sid=5910022002&pid=2028597139&timestamp=20260930180301&Channel_ID=0116_2600000900-99000-201600010010027&ProgramID=884121956&ParentNodeID=-99&assertID=5910022002&client_ip=171.8.79.254&SecurityKey=20260930180301&promotionId=&mvid=5900006372&mcid=500020&playurlVersion=WX-A1-9.9.2-SNAPSHOT&userid=&jmhm=&videocodec=h264&appCode=miguvideo_android&bean=mgspad&tid=android&conFee=0&encrypt=de0b1a7dfc46149dc596ebbffc9532de
   速度: 7311.52KB/s | 数据量: 7.3KB | 总耗时: 0.26s
[2026-09-30 20:23:26] ✅ 测速成功: https://hwapi.yntv.net/ew265l/z1z6s5.m3u8
   速度: 265.62KB/s | 数据量: 0.3KB | 总耗时: 1.99s
[2026-09-30 20:23:26] ✅ 测速成功: http://hlsztemgsplive.miguvideo.com:8080/migu/kailu/20210415/cctvzhongxuesheng/50/index.m3u8?msisdn=202609301803024f705d333eb34ad0af0b6e76680a465b&mdspid=&spid=699004&netType=0&sid=5910019355&pid=2028597139&timestamp=20260930180302&Channel_ID=0116_2600000900-99000-201600010010027&ProgramID=708869532&ParentNodeID=-99&assertID=5910019355&client_ip=171.8.79.254&SecurityKey=20260930180302&promotionId=&mvid=5900002149&mcid=500020&playurlVersion=WX-A1-9.9.2-SNAPSHOT&userid=&jmhm=&videocodec=h264&appCode=miguvideo_android&bean=mgspad&tid=android&conFee=0&encrypt=315e1502972ac91032a2a7a529367f35
   速度: 7311.52KB/s | 数据量: 7.3KB | 总耗时: 0.16s
[2026-09-30 20:23:26] ✅ 测速成功: http://hlsztemgsplive.miguvideo.com:8080/wd_r3/cctv/saishijingdian/600/index.m3u8?msisdn=20260930180302dca3d6e0f34642e2863648ab778a62e2&mdspid=&spid=699004&netType=0&sid=5500592947&pid=2028597139&timestamp=20260930180302&Channel_ID=0116_2600000900-99000-201600010010027&ProgramID=646596895&ParentNodeID=-99&assertID=5500592947&client_ip=171.8.79.254&SecurityKey=20260930180302&promotionId=&mvid=5101034296&mcid=500020&playurlVersion=WX-A1-9.9.2-SNAPSHOT&userid=&jmhm=&videocodec=h264&appCode=miguvideo_android&bean=mgspad&tid=android&conFee=0&encrypt=cdbf80f31a200be1de6e004f9caec219
   速度: 7311.52KB/s | 数据量: 7.3KB | 总耗时: 0.02s
[2026-09-30 20:23:26] ✅ 测速成功: http://hlsztemgsplive.miguvideo.com:8080/envivo_x/2018/SD/cctvnews/1000/index.m3u8?msisdn=20260930180302b5479d7168b1430587da7b11453743db&mdspid=&spid=699004&netType=0&sid=2202196407&pid=2028597139&timestamp=20260930180302&Channel_ID=0116_2600000900-99000-201600010010027&ProgramID=609017205&ParentNodeID=-99&assertID=2202196407&client_ip=171.8.79.254&SecurityKey=20260930180302&promotionId=&mvid=2202196407&mcid=500020&playurlVersion=WX-A1-9.9.2-SNAPSHOT&userid=&jmhm=&videocodec=h264&appCode=miguvideo_android&bean=mgspad&tid=android&conFee=0&encrypt=c6ec56404acd4045000bcf5f4dac64b9
   速度: 7311.52KB/s | 数据量: 7.3KB | 总耗时: 0.02s
[2026-09-30 20:23:26] ✅ 测速成功: http://hlsztemgsplive.miguvideo.com:8080/wd_r3/cctv/titanminglan/600/index.m3u8?msisdn=20260930180302db14e642bc084369b57e3794294d0ed7&mdspid=&spid=699004&netType=0&sid=5500315687&pid=2028597139&timestamp=20260930180302&Channel_ID=0116_2600000900-99000-201600010010027&ProgramID=629943305&ParentNodeID=-99&assertID=5500315687&client_ip=171.8.79.254&SecurityKey=20260930180302&promotionId=&mvid=5101034219&mcid=500020&playurlVersion=WX-A1-9.9.2-SNAPSHOT&userid=&jmhm=&videocodec=h264&appCode=miguvideo_android&bean=mgspad&tid=android&conFee=0&encrypt=39d409d0101e82fbedefda763b31c2c9
   速度: 7311.52KB/s | 数据量: 7.3KB | 总耗时: 0.04s
[2026-09-30 20:23:26] ✅ 测速成功: http://hlsztemgsplive.miguvideo.com:8080/migu/lunbo/ouzhoubei/50/20240603/index.m3u8?msisdn=20260930180303023715a94ad44e6e80eb9368945a9a28&mdspid=&spid=800033&netType=0&sid=5910022136&pid=2028597139&timestamp=20260930180303&Channel_ID=0116_2600000900-99000-201600010010027&ProgramID=915512915&ParentNodeID=-99&assertID=5910022136&client_ip=171.8.79.254&SecurityKey=20260930180303&promotionId=&mvid=5900006618&mcid=500020&playurlVersion=WX-A1-9.9.2-SNAPSHOT&userid=&jmhm=&videocodec=h264&appCode=miguvideo_android&bean=mgspad&tid=android&conFee=0&encrypt=dca66ad45e3baac6c7ffde76fe817e6c
   速度: 7311.52KB/s | 数据量: 7.3KB | 总耗时: 0.04s
[2026-09-30 20:23:26] ✅ 测速成功: http://hlsztemgsplive.miguvideo.com:8080/migu/kailu/sxtyxx/50/20250804/index.m3u8?msisdn=20260930180303af2e1fc3cfec41f9bc865566ab95538e&mdspid=&spid=600572&netType=0&sid=5910022189&pid=2028597139&timestamp=20260930180303&Channel_ID=0116_2600000900-99000-201600010010027&ProgramID=956909356&ParentNodeID=-99&assertID=5910022189&client_ip=171.8.79.254&SecurityKey=20260930180303&promotionId=&mvid=5900006712&mcid=500020&playurlVersion=WX-A1-9.9.2-SNAPSHOT&userid=&jmhm=&videocodec=h264&appCode=miguvideo_android&bean=mgspad&tid=android&conFee=0&encrypt=2ba057b394b78bc92b6d3837846c3fc7
   速度: 7311.52KB/s | 数据量: 7.3KB | 总耗时: 0.05s
[2026-09-30 20:23:26] ✅ 测速成功: http://hlsztemgsplive.miguvideo.com:8080/wd_r4/peoplecn/shdiaoyu/600/index.m3u8?msisdn=2026093018030277e914473bba474fa91baadfc92b66cf&mdspid=&spid=600697&netType=0&sid=5910022184&pid=2028597139&timestamp=20260930180302&Channel_ID=0116_2600000900-99000-201600010010027&ProgramID=637444975&ParentNodeID=-99&assertID=5910022184&client_ip=171.8.79.254&SecurityKey=20260930180302&promotionId=&mvid=5100132656&mcid=500020&playurlVersion=WX-A1-9.9.2-SNAPSHOT&userid=&jmhm=&videocodec=h264&appCode=miguvideo_android&bean=mgspad&tid=android&conFee=0&encrypt=3a61a3841b41cd2db88dbd4def82d82c
   速度: 7311.52KB/s | 数据量: 7.3KB | 总耗时: 0.06s
[2026-09-30 20:23:26] ✅ 测速成功: http://hlsztemgsplive.miguvideo.com:8080/migu/kailu/wssj/50/20250915/index.m3u8?msisdn=20260930180303e1d3c2cd53a3437b9938e11c3007be71&mdspid=&spid=600697&netType=0&sid=5910022201&pid=2028597139&timestamp=20260930180303&Channel_ID=0116_2600000900-99000-201600010010027&ProgramID=958475359&ParentNodeID=-99&assertID=5910022201&client_ip=171.8.79.254&SecurityKey=20260930180303&promotionId=&mvid=5900006724&mcid=500020&playurlVersion=WX-A1-9.9.2-SNAPSHOT&userid=&jmhm=&videocodec=h264&appCode=miguvideo_android&bean=mgspad&tid=android&conFee=0&encrypt=9d13b82687e74c69dad07baa457b17c9
   速度: 7311.52KB/s | 数据量: 7.3KB | 总耗时: 0.06s
[2026-09-30 20:23:26] ✅ 测速成功: http://hlsztemgsplive.miguvideo.com:8080/migu/kailu/bjws/50/20251127/index.m3u8?msisdn=20260930180304200ec74ef036421d85dbebfda2e8cc0a&mdspid=&spid=600697&netType=0&sid=5910022306&pid=2028597139&timestamp=20260930180304&Channel_ID=0116_2600000900-99000-201600010010027&ProgramID=630287636&ParentNodeID=-99&assertID=5910022306&client_ip=171.8.79.254&SecurityKey=20260930180304&promotionId=&mvid=5101042960&mcid=500020&playurlVersion=WX-A1-9.9.2-SNAPSHOT&userid=&jmhm=&videocodec=h264&appCode=miguvideo_android&bean=mgspad&tid=android&conFee=0&encrypt=0a8b511c58676cc04f36408255a12986
   速度: 7311.52KB/s | 数据量: 7.3KB | 总耗时: 0.03s
[2026-09-30 20:23:26] ✅ 测速成功: http://hlsztemgsplive.miguvideo.com:8080/ws_w/2018/gdws/gdws711/1000/index.m3u8?msisdn=20260930180304a1ceb0f828e6469aa34bd7fdf79ec8e6&mdspid=&spid=699054&netType=0&sid=2202428795&pid=2028597139&timestamp=20260930180304&Channel_ID=0116_2600000900-99000-201600010010027&ProgramID=608831231&ParentNodeID=-99&assertID=2202428795&client_ip=171.8.79.254&SecurityKey=20260930180304&promotionId=&mvid=2202428795&mcid=500020&playurlVersion=WX-A1-9.9.2-SNAPSHOT&userid=&jmhm=&videocodec=h264&appCode=miguvideo_android&bean=mgspad&tid=android&conFee=0&encrypt=f5f1fd5f81aae8d2dcd2aca093f3fe40
   速度: 7311.52KB/s | 数据量: 7.3KB | 总耗时: 0.04s
[2026-09-30 20:23:26] ✅ 测速成功: http://hlsztemgsplive.miguvideo.com:8080/wd_r2/cctv/jiangsuhd/600/index.m3u8?msisdn=20260930180303720d63bc034a49c595da8abd38606518&mdspid=&spid=699067&netType=0&sid=5500199408&pid=2028597139&timestamp=20260930180303&Channel_ID=0116_2600000900-99000-201600010010027&ProgramID=623899368&ParentNodeID=-99&assertID=5500199408&client_ip=171.8.79.254&SecurityKey=20260930180303&promotionId=&mvid=5100156802&mcid=500020&playurlVersion=WX-A1-9.9.2-SNAPSHOT&userid=&jmhm=&videocodec=h264&appCode=miguvideo_android&bean=mgspad&tid=android&conFee=0&encrypt=40b6af550633526651b26231dcb6f677
   速度: 7311.52KB/s | 数据量: 7.3KB | 总耗时: 0.05s
[2026-09-30 20:23:26] ✅ 测速成功: http://hlsztemgsplive.miguvideo.com:8080/wd_r4/dfl/dongfangwshd/600/index.m3u8?msisdn=20260930180303fcc4dd95c52145189df620b7af64ffc4&mdspid=&spid=600697&netType=0&sid=5910022185&pid=2028597139&timestamp=20260930180303&Channel_ID=0116_2600000900-99000-201600010010027&ProgramID=651632648&ParentNodeID=-99&assertID=5910022185&client_ip=171.8.79.254&SecurityKey=20260930180303&promotionId=&mvid=5100043384&mcid=500020&playurlVersion=WX-A1-9.9.2-SNAPSHOT&userid=&jmhm=&videocodec=h264&appCode=miguvideo_android&bean=mgspad&tid=android&conFee=0&encrypt=37e68f68fb89911d4ef579bc39e15a19
   速度: 7311.52KB/s | 数据量: 7.3KB | 总耗时: 0.06s
[2026-09-30 20:23:26] ✅ 测速成功: http://hlsztemgsplive.miguvideo.com:8080/migu/kailu/ydcmklcd/50/20251225/index.m3u8?msisdn=2026093018030339265d41595647cfb7ec128fc0ce8849&mdspid=&spid=600603&netType=0&sid=5910022317&pid=2028597139&timestamp=20260930180303&Channel_ID=0116_2600000900-99000-201600010010027&ProgramID=961930263&ParentNodeID=-99&assertID=5910022317&client_ip=171.8.79.254&SecurityKey=20260930180303&promotionId=&mvid=5900006783&mcid=500020&playurlVersion=WX-A1-9.9.2-SNAPSHOT&userid=&jmhm=&videocodec=h264&appCode=miguvideo_android&bean=mgspad&tid=android&conFee=0&encrypt=08ba9ad3e1b7c4153f1ffed975f3dba2
   速度: 7311.52KB/s | 数据量: 7.3KB | 总耗时: 0.07s
[2026-09-30 20:23:26] ✅ 测速成功: http://hlsztemgsplive.miguvideo.com:8080/migu/kailu/hbws/50/20251225/index.m3u8?msisdn=20260930180120ec90d6eea6f84711b946bb832b8f435f&mdspid=&spid=600725&netType=0&sid=5910022316&pid=2028597139&timestamp=20260930180120&Channel_ID=0116_2600000900-99000-201600010010027&ProgramID=962042070&ParentNodeID=-99&assertID=5910022316&client_ip=171.8.79.254&SecurityKey=20260930180120&promotionId=&mvid=5900006782&mcid=500020&playurlVersion=WX-A1-9.9.2-SNAPSHOT&userid=&jmhm=&videocodec=h264&appCode=miguvideo_android&bean=mgspad&tid=android&conFee=0&encrypt=63a3b720865f940006f06ca837556387
   速度: 7311.52KB/s | 数据量: 7.3KB | 总耗时: 0.01s
[2026-09-30 20:23:26] ✅ 测速成功: http://hlsztemgsplive.miguvideo.com:8080/wd_r2/2018/ocn/liaoningwshd/1000/index.m3u8?msisdn=202609301803045397e06e8b9c4ae49892b09bb71ef4aa&mdspid=&spid=600572&netType=0&sid=5910022198&pid=2028597139&timestamp=20260930180304&Channel_ID=0116_2600000900-99000-201600010010027&ProgramID=630291707&ParentNodeID=-99&assertID=5910022198&client_ip=171.8.79.254&SecurityKey=20260930180304&promotionId=&mvid=5101043014&mcid=500020&playurlVersion=WX-A1-9.9.2-SNAPSHOT&userid=&jmhm=&videocodec=h264&appCode=miguvideo_android&bean=mgspad&tid=android&conFee=0&encrypt=b7625022a49860eda0a78c9a1fd3ad5c
   速度: 7311.52KB/s | 数据量: 7.3KB | 总耗时: 0.02s
[2026-09-30 20:23:26] ✅ 测速成功: http://hlsztemgsplive.miguvideo.com:8080/migu/kailu/jxwshd/50/20190820/index.m3u8?msisdn=20260930180304146c4eee9b8448f0b87d652d56c4e698&mdspid=&spid=600633&netType=0&sid=5910021492&pid=2028597139&timestamp=20260930180304&Channel_ID=0116_2600000900-99000-201600010010027&ProgramID=783847495&ParentNodeID=-99&assertID=5910021492&client_ip=171.8.79.254&SecurityKey=20260930180304&promotionId=&mvid=5900004351&mcid=500020&playurlVersion=WX-A1-9.9.2-SNAPSHOT&userid=&jmhm=&videocodec=h264&appCode=miguvideo_android&bean=mgspad&tid=android&conFee=0&encrypt=999ae08f1cea2845f1889fb2de3b4530
   速度: 7311.52KB/s | 数据量: 7.3KB | 总耗时: 0.02s
[2026-09-30 20:23:26] ✅ 测速成功: http://hlsztemgsplive.miguvideo.com:8080/wd-henanwssd-600/index.m3u8?msisdn=202609301803049d2f4d27cafb4fb3a859dd1fa40be972&mdspid=&spid=600633&netType=0&sid=5910021585&pid=2028597139&timestamp=20260930180304&Channel_ID=0116_2600000900-99000-201600010010027&ProgramID=790187291&ParentNodeID=-99&assertID=5910021585&client_ip=171.8.79.254&SecurityKey=20260930180304&promotionId=&mvid=5900005706&mcid=500020&playurlVersion=WX-A1-9.9.2-SNAPSHOT&userid=&jmhm=&videocodec=h264&appCode=miguvideo_android&bean=mgspad&tid=android&conFee=0&encrypt=b0a3210f9f1a3abd594c0523204cd959
   速度: 7311.52KB/s | 数据量: 7.3KB | 总耗时: 0.02s
[2026-09-30 20:23:26] ✅ 测速成功: http://hlsztemgsplive.miguvideo.com:8080/migu/kailu/shan3xiws/50/20220809/index.m3u8?msisdn=20260930180127cf9a439e0a5e4823854aceaa5700dd13&mdspid=&spid=600633&netType=0&sid=5910020475&pid=2028597139&timestamp=20260930180127&Channel_ID=0116_2600000900-99000-201600010010027&ProgramID=738910838&ParentNodeID=-99&assertID=5910020475&client_ip=171.8.79.254&SecurityKey=20260930180127&promotionId=&mvid=5900004331&mcid=500020&playurlVersion=WX-A1-9.9.2-SNAPSHOT&userid=&jmhm=&videocodec=h264&appCode=miguvideo_android&bean=mgspad&tid=android&conFee=0&encrypt=36dbc4aa5784491a3d0489b6921dc09d
   速度: 7311.52KB/s | 数据量: 7.3KB | 总耗时: 0.02s
[2026-09-30 20:23:26] ✅ 测速成功: http://hlsztemgsplive.miguvideo.com:8080/wd_r3/2018/nfmedia/nfws/1000/index.m3u8?msisdn=20260930180304d572031cea584f5ba394538b28637783&mdspid=&spid=699054&netType=0&sid=2200322852&pid=2028597139&timestamp=20260930180304&Channel_ID=0116_2600000900-99000-201600010010027&ProgramID=608917627&ParentNodeID=-99&assertID=2200322852&client_ip=171.8.79.254&SecurityKey=20260930180304&promotionId=&mvid=2200322852&mcid=500020&playurlVersion=WX-A1-9.9.2-SNAPSHOT&userid=&jmhm=&videocodec=h264&appCode=miguvideo_android&bean=mgspad&tid=android&conFee=0&encrypt=e1c36de015a0c084e6389fe024cc39c6
   速度: 7311.52KB/s | 数据量: 7.3KB | 总耗时: 0.02s
[2026-09-30 20:23:26] ✅ 测速成功: http://hlsztemgsplive.miguvideo.com:8080/wd_r2/2018/ocn/hubeiwshd/1000/index.m3u8?msisdn=20260930180304e1fd6725c12140f6949b6a9a7051dd4f&mdspid=&spid=600633&netType=0&sid=5910022163&pid=2028597139&timestamp=20260930180304&Channel_ID=0116_2600000900-99000-201600010010027&ProgramID=947472496&ParentNodeID=-99&assertID=5910022163&client_ip=171.8.79.254&SecurityKey=20260930180304&promotionId=&mvid=5900004355&mcid=500020&playurlVersion=WX-A1-9.9.2-SNAPSHOT&userid=&jmhm=&videocodec=h264&appCode=miguvideo_android&bean=mgspad&tid=android&conFee=0&encrypt=216ecf81f63926fcae1f00e82ebb9b71
   速度: 7311.52KB/s | 数据量: 7.3KB | 总耗时: 0.02s
[2026-09-30 20:23:26] ✅ 测速成功: http://hlsztemgsplive.miguvideo.com:8080/envivo_v/2018/SD/jilin/1000/index.m3u8?msisdn=202609301803050afae37a3e104c6eb71fcab4740d35fc&mdspid=&spid=600633&netType=0&sid=5910022164&pid=2028597139&timestamp=20260930180305&Channel_ID=0116_2600000900-99000-201600010010027&ProgramID=947472500&ParentNodeID=-99&assertID=5910022164&client_ip=171.8.79.254&SecurityKey=20260930180305&promotionId=&mvid=5900004357&mcid=500020&playurlVersion=WX-A1-9.9.2-SNAPSHOT&userid=&jmhm=&videocodec=h264&appCode=miguvideo_android&bean=mgspad&tid=android&conFee=0&encrypt=78cce1e5b158bcfced8bfd5ce3187e4e
   速度: 7311.52KB/s | 数据量: 7.3KB | 总耗时: 0.03s
[2026-09-30 20:23:26] ✅ 测速成功: http://hlsztemgsplive.miguvideo.com:8080/envivo_x/SD/lvyou/711/index.m3u8?msisdn=20260930180117f5b1bbc292704a50b09f65a33b935bde&mdspid=&spid=600633&netType=0&sid=5910022165&pid=2028597139&timestamp=20260930180117&Channel_ID=0116_2600000900-99000-201600010010027&ProgramID=947472502&ParentNodeID=-99&assertID=5910022165&client_ip=171.8.79.254&SecurityKey=20260930180117&promotionId=&mvid=5900004359&mcid=500020&playurlVersion=WX-A1-9.9.2-SNAPSHOT&userid=&jmhm=&videocodec=h264&appCode=miguvideo_android&bean=mgspad&tid=android&conFee=0&encrypt=0e9a9e77608cf1a17cab829edfc1ef86
   速度: 7311.52KB/s | 数据量: 7.3KB | 总耗时: 0.02s
[2026-09-30 20:23:26] ✅ 测速成功: http://hlsztemgsplive.miguvideo.com:8080/migu/kailu/dongnanws/50/20230724/index.m3u8?msisdn=202609301921458ab2fc9b0a9c41daa3bd36fb0bf0fdbe&mdspid=&spid=600717&netType=0&sid=5910022182&pid=2028597139&timestamp=20260930192145&Channel_ID=0116_2600000900-99000-201600010010027&ProgramID=849116810&ParentNodeID=-99&assertID=5910022182&client_ip=171.8.79.254&SecurityKey=20260930192145&promotionId=&mvid=5900006229&mcid=500020&playurlVersion=WX-A1-9.9.2-SNAPSHOT&userid=&jmhm=&videocodec=h264&appCode=miguvideo_android&bean=mgspad&tid=android&conFee=0&encrypt=12822997ed4a7f5755426e966ff7ea77
   速度: 7311.52KB/s | 数据量: 7.3KB | 总耗时: 0.03s
[2026-09-30 20:23:26] ✅ 测速成功: http://hlsztemgsplive.miguvideo.com:8080/envivo_w/2018/SD/qinghai/1000/index.m3u8?msisdn=202609301803052f023c3e78a34c638c70636d303d9457&mdspid=&spid=600633&netType=0&sid=5910022166&pid=2028597139&timestamp=20260930180305&Channel_ID=0116_2600000900-99000-201600010010027&ProgramID=947472506&ParentNodeID=-99&assertID=5910022166&client_ip=171.8.79.254&SecurityKey=20260930180305&promotionId=&mvid=5900004353&mcid=500020&playurlVersion=WX-A1-9.9.2-SNAPSHOT&userid=&jmhm=&videocodec=h264&appCode=miguvideo_android&bean=mgspad&tid=android&conFee=0&encrypt=b22985014e216ec7921294cf023cc48a
   速度: 7311.52KB/s | 数据量: 7.3KB | 总耗时: 0.03s
[2026-09-30 20:23:26] ✅ 测速成功: http://hlsztemgsplive.miguvideo.com:8080/migu/kailu/zgnlws/50/20250804/index.m3u8?msisdn=2026093018030523d9dd26ecb24f8a8f95de09f4fc6c6a&mdspid=&spid=600572&netType=0&sid=5910022186&pid=2028597139&timestamp=20260930180305&Channel_ID=0116_2600000900-99000-201600010010027&ProgramID=956904896&ParentNodeID=-99&assertID=5910022186&client_ip=171.8.79.254&SecurityKey=20260930180305&promotionId=&mvid=5900006709&mcid=500020&playurlVersion=WX-A1-9.9.2-SNAPSHOT&userid=&jmhm=&videocodec=h264&appCode=miguvideo_android&bean=mgspad&tid=android&conFee=0&encrypt=e2a4b74e076cc79a55ce295babb433e9
   速度: 7311.52KB/s | 数据量: 7.3KB | 总耗时: 0.02s
[2026-09-30 20:23:26] ✅ 测速成功: http://hlsztemgsplive.miguvideo.com:8080/migu/kailu/btws/50/20250804/index.m3u8?msisdn=20260930180305a7477fdf888d4308b27a4cd41cc92825&mdspid=&spid=600697&netType=0&sid=5910022192&pid=2028597139&timestamp=20260930180305&Channel_ID=0116_2600000900-99000-201600010010027&ProgramID=956923145&ParentNodeID=-99&assertID=5910022192&client_ip=171.8.79.254&SecurityKey=20260930180305&promotionId=&mvid=5900006716&mcid=500020&playurlVersion=WX-A1-9.9.2-SNAPSHOT&userid=&jmhm=&videocodec=h264&appCode=miguvideo_android&bean=mgspad&tid=android&conFee=0&encrypt=64bfcc7b8f89c8454a6eac14164307dc
   速度: 7311.52KB/s | 数据量: 7.3KB | 总耗时: 0.02s
[2026-09-30 20:23:26] ✅ 测速成功: http://hlsztemgsplive.miguvideo.com:8080/envivo_x/2018/SD/chongqing/1000/index.m3u8?msisdn=2026093018030689b29167d9114be98d8aeb0ab99befc6&mdspid=&spid=600697&netType=0&sid=5910022305&pid=2028597139&timestamp=20260930180306&Channel_ID=0116_2600000900-99000-201600010010027&ProgramID=738910914&ParentNodeID=-99&assertID=5910022305&client_ip=171.8.79.254&SecurityKey=20260930180306&promotionId=&mvid=5900004329&mcid=500020&playurlVersion=WX-A1-9.9.2-SNAPSHOT&userid=&jmhm=&videocodec=h264&appCode=miguvideo_android&bean=mgspad&tid=android&conFee=0&encrypt=d0c423da61187b7d94e93e44afbb69a2
   速度: 7311.52KB/s | 数据量: 7.3KB | 总耗时: 0.02s
[2026-09-30 20:23:26] ✅ 测速成功: http://hlsztemgsplive.miguvideo.com:8080/migu/kailu/nxjj/50/20251225/index.m3u8?msisdn=20260930180306306e6bf2d35849038628f4d6014c4fba&mdspid=&spid=600697&netType=0&sid=5910022409&pid=2028597139&timestamp=20260930180306&Channel_ID=0116_2600000900-99000-201600010010027&ProgramID=738906901&ParentNodeID=-99&assertID=5910022409&client_ip=171.8.79.254&SecurityKey=20260930180306&promotionId=&mvid=5900004349&mcid=500020&playurlVersion=WX-A1-9.9.2-SNAPSHOT&userid=&jmhm=&videocodec=h264&appCode=miguvideo_android&bean=mgspad&tid=android&conFee=0&encrypt=f6b004fb7c772b69d872c8562dd69a59
   速度: 7311.52KB/s | 数据量: 7.3KB | 总耗时: 0.02s
[2026-09-30 20:23:26] ✅ 测速成功: http://hlsztemgsplive.miguvideo.com:8080/migu/kailu/ssws/50/20251127/index.m3u8?msisdn=20260930180306ae4424506843463da3661fee5c662bd1&mdspid=&spid=600697&netType=0&sid=5910022307&pid=2028597139&timestamp=20260930180306&Channel_ID=0116_2600000900-99000-201600010010027&ProgramID=961023778&ParentNodeID=-99&assertID=5910022307&client_ip=171.8.79.254&SecurityKey=20260930180306&promotionId=&mvid=5900006777&mcid=500020&playurlVersion=WX-A1-9.9.2-SNAPSHOT&userid=&jmhm=&videocodec=h264&appCode=miguvideo_android&bean=mgspad&tid=android&conFee=0&encrypt=cbb4dee4783c8aaa2087cdeb857992f5
   速度: 7311.52KB/s | 数据量: 7.3KB | 总耗时: 0.02s
[2026-09-30 20:23:26] ✅ 测速成功: http://hlsztemgsplive.miguvideo.com:8080/envivo_x/2018/SD/ningxia/1000/index.m3u8?msisdn=20260930180305ec800c43c67b4d33bcda1f3021d09cb7&mdspid=&spid=600697&netType=0&sid=5910022262&pid=2028597139&timestamp=20260930180305&Channel_ID=0116_2600000900-99000-201600010010027&ProgramID=738910535&ParentNodeID=-99&assertID=5910022262&client_ip=171.8.79.254&SecurityKey=20260930180305&promotionId=&mvid=5900004337&mcid=500020&playurlVersion=WX-A1-9.9.2-SNAPSHOT&userid=&jmhm=&videocodec=h264&appCode=miguvideo_android&bean=mgspad&tid=android&conFee=0&encrypt=f6e9b611f701e1b03bb77bfcc5c2d1d8
   速度: 7311.52KB/s | 数据量: 7.3KB | 总耗时: 0.03s
[2026-09-30 20:23:26] ✅ 测速成功: http://hlsztemgsplive.miguvideo.com:8080/wd_r4/dfl/xinwenzonghehd/600/index.m3u8?msisdn=202609301803066ccff7ff3a2546278c275215634c0408&mdspid=&spid=600697&netType=0&sid=5910022325&pid=2028597139&timestamp=20260930180306&Channel_ID=0116_2600000900-99000-201600010010027&ProgramID=651632657&ParentNodeID=-99&assertID=5910022325&client_ip=171.8.79.254&SecurityKey=20260930180306&promotionId=&mvid=5100001716&mcid=500020&playurlVersion=WX-A1-9.9.2-SNAPSHOT&userid=&jmhm=&videocodec=h264&appCode=miguvideo_android&bean=mgspad&tid=android&conFee=0&encrypt=bf6224a229abbbfa6fbb7036b82a788a
   速度: 7311.52KB/s | 数据量: 7.3KB | 总耗时: 0.02s
[2026-09-30 20:23:26] ✅ 测速成功: http://hlsztemgsplive.miguvideo.com:8080/wd_r4/dfl/dianshijuhd/600/index.m3u8?msisdn=2026093020030181466255942544dc88fab2a7512fce7a&mdspid=&spid=699212&netType=0&sid=5500002274&pid=2028597139&timestamp=20260930200301&Channel_ID=0116_2600000900-99000-201600010010027&ProgramID=617290047&ParentNodeID=-99&assertID=5500002274&client_ip=171.8.79.254&SecurityKey=20260930200301&promotionId=&mvid=5100001715&mcid=500020&playurlVersion=WX-A1-9.9.2-SNAPSHOT&userid=&jmhm=&videocodec=h264&appCode=miguvideo_android&bean=mgspad&tid=android&conFee=0&encrypt=40924eb6811a51d65ed3fda9c0ed38bc
   速度: 7311.52KB/s | 数据量: 7.3KB | 总耗时: 0.02s
[2026-09-30 20:23:26] ✅ 测速成功: http://hlsztemgsplive.miguvideo.com:8080/migu/kailu/nanjingxwzh/50/20230719/index.m3u8?msisdn=20260930180306d34dcf2b52064f3c8c4d089562d2265a&mdspid=&spid=699067&netType=0&sid=5910021863&pid=2028597139&timestamp=20260930180306&Channel_ID=0116_2600000900-99000-201600010010027&ProgramID=838109047&ParentNodeID=-99&assertID=5910021863&client_ip=171.8.79.254&SecurityKey=20260930180306&promotionId=&mvid=5900006203&mcid=500020&playurlVersion=WX-A1-9.9.2-SNAPSHOT&userid=&jmhm=&videocodec=h264&appCode=miguvideo_android&bean=mgspad&tid=android&conFee=0&encrypt=298a9c00c4aa7fcbcbd5da6fd7e851f8
   速度: 7311.52KB/s | 数据量: 7.3KB | 总耗时: 0.02s
[2026-09-30 20:23:26] ✅ 测速成功: http://hlsztemgsplive.miguvideo.com:8080/wd_r1/2018/bestv/dycj/1000/index.m3u8?msisdn=20260930180306330995c6964e42938601a02f0b8ba9d7&mdspid=&spid=699212&netType=0&sid=2201008312&pid=2028597139&timestamp=20260930180306&Channel_ID=0116_2600000900-99000-201600010010027&ProgramID=608780988&ParentNodeID=-99&assertID=2201008312&client_ip=171.8.79.254&SecurityKey=20260930180306&promotionId=&mvid=2201008312&mcid=500020&playurlVersion=WX-A1-9.9.2-SNAPSHOT&userid=&jmhm=&videocodec=h264&appCode=miguvideo_android&bean=mgspad&tid=android&conFee=0&encrypt=ced4bcb97558e935fa22cfabee79f1db
   速度: 7311.52KB/s | 数据量: 7.3KB | 总耗时: 0.02s
[2026-09-30 20:23:26] ✅ 测速成功: http://hlsztemgsplive.miguvideo.com:8080/migu/kailu/nanjingkj/50/20230719/index.m3u8?msisdn=20260930180306624908b2df124f508ee146aef3956511&mdspid=&spid=699067&netType=0&sid=5910021865&pid=2028597139&timestamp=20260930180306&Channel_ID=0116_2600000900-99000-201600010010027&ProgramID=838153729&ParentNodeID=-99&assertID=5910021865&client_ip=171.8.79.254&SecurityKey=20260930180306&promotionId=&mvid=5900006205&mcid=500020&playurlVersion=WX-A1-9.9.2-SNAPSHOT&userid=&jmhm=&videocodec=h264&appCode=miguvideo_android&bean=mgspad&tid=android&conFee=0&encrypt=2b7952267631bec2ff3564f730f60a8d
   速度: 7311.52KB/s | 数据量: 7.3KB | 总耗时: 0.02s
[2026-09-30 20:23:26] ✅ 测速成功: http://hlsztemgsplive.miguvideo.com:8080/migu/kailu/nanjingsb/50/20230719/index.m3u8?msisdn=2026093018030763b339dc98a74ccfa864c0b68f55c7d1&mdspid=&spid=699067&netType=0&sid=5910021864&pid=2028597139&timestamp=20260930180307&Channel_ID=0116_2600000900-99000-201600010010027&ProgramID=838151753&ParentNodeID=-99&assertID=5910021864&client_ip=171.8.79.254&SecurityKey=20260930180307&promotionId=&mvid=5900006207&mcid=500020&playurlVersion=WX-A1-9.9.2-SNAPSHOT&userid=&jmhm=&videocodec=h264&appCode=miguvideo_android&bean=mgspad&tid=android&conFee=0&encrypt=ee2d6accd38e49623242770a89898f7d
   速度: 7311.52KB/s | 数据量: 7.3KB | 总耗时: 0.02s
[2026-09-30 20:23:26] ✅ 测速成功: http://hlsztemgsplive.miguvideo.com:8080/wd_r2/jstv/jstiyu/600/index.m3u8?msisdn=20260930180307bbeccbbc515341568f7bbb067e6ce294&mdspid=&spid=699067&netType=0&sid=5500260554&pid=2028597139&timestamp=20260930180307&Channel_ID=0116_2600000900-99000-201600010010027&ProgramID=626064707&ParentNodeID=-99&assertID=5500260554&client_ip=171.8.79.254&SecurityKey=20260930180307&promotionId=&mvid=5100186459&mcid=500020&playurlVersion=WX-A1-9.9.2-SNAPSHOT&userid=&jmhm=&videocodec=h264&appCode=miguvideo_android&bean=mgspad&tid=android&conFee=0&encrypt=fd71c4976074c9c8b5ec90924b183cfc
   速度: 7311.52KB/s | 数据量: 7.3KB | 总耗时: 0.02s
[2026-09-30 20:23:26] ✅ 测速成功: http://hlsztemgsplive.miguvideo.com:8080/wd_r2/jstv/jschengshi/600/index.m3u8?msisdn=202609301803078174c70a2d304aa0b57cf688eb86fb73&mdspid=&spid=699067&netType=0&sid=5500260508&pid=2028597139&timestamp=20260930180307&Channel_ID=0116_2600000900-99000-201600010010027&ProgramID=626064714&ParentNodeID=-99&assertID=5500260508&client_ip=171.8.79.254&SecurityKey=20260930180307&promotionId=&mvid=5100186409&mcid=500020&playurlVersion=WX-A1-9.9.2-SNAPSHOT&userid=&jmhm=&videocodec=h264&appCode=miguvideo_android&bean=mgspad&tid=android&conFee=0&encrypt=fa754b7d12501d17d34990c3dcac1181
   速度: 7311.52KB/s | 数据量: 7.3KB | 总耗时: 0.02s
[2026-09-30 20:23:26] ✅ 测速成功: http://hlsztemgsplive.miguvideo.com:8080/wd_r2/jstv/jsguoji/600/index.m3u8?msisdn=20260930180307b70ec5c1da0c4389837f935b3de55b7d&mdspid=&spid=699067&netType=0&sid=5500260577&pid=2028597139&timestamp=20260930180307&Channel_ID=0116_2600000900-99000-201600010010027&ProgramID=626064674&ParentNodeID=-99&assertID=5500260577&client_ip=171.8.79.254&SecurityKey=20260930180307&promotionId=&mvid=5100186482&mcid=500020&playurlVersion=WX-A1-9.9.2-SNAPSHOT&userid=&jmhm=&videocodec=h264&appCode=miguvideo_android&bean=mgspad&tid=android&conFee=0&encrypt=d191444e83f68d4515ecf263191b10e3
   速度: 7311.52KB/s | 数据量: 7.3KB | 总耗时: 0.02s
[2026-09-30 20:23:26] ✅ 测速成功: http://hlsztemgsplive.miguvideo.com:8080/wd_r2/jstv/jsyingshi/600/index.m3u8?msisdn=20260930180307069355a25e3c4855a890dcd283ba8de6&mdspid=&spid=699067&netType=0&sid=5500260517&pid=2028597139&timestamp=20260930180307&Channel_ID=0116_2600000900-99000-201600010010027&ProgramID=626064697&ParentNodeID=-99&assertID=5500260517&client_ip=171.8.79.254&SecurityKey=20260930180307&promotionId=&mvid=5100186424&mcid=500020&playurlVersion=WX-A1-9.9.2-SNAPSHOT&userid=&jmhm=&videocodec=h264&appCode=miguvideo_android&bean=mgspad&tid=android&conFee=0&encrypt=0e5f74d6e527c72205793a33f8690dc8
   速度: 7311.52KB/s | 数据量: 7.3KB | 总耗时: 0.01s
[2026-09-30 20:23:26] ✅ 测速成功: http://hlsztemgsplive.miguvideo.com:8080/wd_r2/jstv/jsjiaoyu/600/index.m3u8?msisdn=202609301803075aa907c386d94b8f8e812735bfbbb1dd&mdspid=&spid=699067&netType=0&sid=5500287493&pid=2028597139&timestamp=20260930180307&Channel_ID=0116_2600000900-99000-201600010010027&ProgramID=628008321&ParentNodeID=-99&assertID=5500287493&client_ip=171.8.79.254&SecurityKey=20260930180307&promotionId=&mvid=5101012819&mcid=500020&playurlVersion=WX-A1-9.9.2-SNAPSHOT&userid=&jmhm=&videocodec=h264&appCode=miguvideo_android&bean=mgspad&tid=android&conFee=0&encrypt=91de90c9674a673a6080c07b5618aefc
   速度: 7311.52KB/s | 数据量: 7.3KB | 总耗时: 0.02s
[2026-09-30 20:23:26] ✅ 测速成功: http://hlsztemgsplive.miguvideo.com:8080/wd_r2/jstv/jszongyi/600/index.m3u8?msisdn=202609301803087bced28174b142abb1f0f47f5191b584&mdspid=&spid=699067&netType=0&sid=5500260513&pid=2028597139&timestamp=20260930180308&Channel_ID=0116_2600000900-99000-201600010010027&ProgramID=626065193&ParentNodeID=-99&assertID=5500260513&client_ip=171.8.79.254&SecurityKey=20260930180308&promotionId=&mvid=5100186420&mcid=500020&playurlVersion=WX-A1-9.9.2-SNAPSHOT&userid=&jmhm=&videocodec=h264&appCode=miguvideo_android&bean=mgspad&tid=android&conFee=0&encrypt=774f1a3973b6d5e9109bbae6f878cd6f
   速度: 7311.52KB/s | 数据量: 7.3KB | 总耗时: 0.02s
[2026-09-30 20:23:26] ✅ 测速成功: http://hlsztemgsplive.miguvideo.com:8080/wd_r2/jstv/jsgonggong/600/index.m3u8?msisdn=20260930180308cc9f7258f4194d7193696266118deb2b&mdspid=&spid=699067&netType=0&sid=5500260520&pid=2028597139&timestamp=20260930180308&Channel_ID=0116_2600000900-99000-201600010010027&ProgramID=626064693&ParentNodeID=-99&assertID=5500260520&client_ip=171.8.79.254&SecurityKey=20260930180308&promotionId=&mvid=5100186429&mcid=500020&playurlVersion=WX-A1-9.9.2-SNAPSHOT&userid=&jmhm=&videocodec=h264&appCode=miguvideo_android&bean=mgspad&tid=android&conFee=0&encrypt=e5f5f620b604a04306c5661e6888f901
   速度: 7311.52KB/s | 数据量: 7.3KB | 总耗时: 0.02s
[2026-09-30 20:23:26] ✅ 测速成功: http://hlsztemgsplive.miguvideo.com:8080/migu/kailu/ycxwzh/50/20250604/index.m3u8?msisdn=202609301803081cc3a7bcb0d54cd6ab5e272808dd4e54&mdspid=&spid=699067&netType=0&sid=5500469360&pid=2028597139&timestamp=20260930180308&Channel_ID=0116_2600000900-99000-201600010010027&ProgramID=639731825&ParentNodeID=-99&assertID=5500469360&client_ip=171.8.79.254&SecurityKey=20260930180308&promotionId=&mvid=5102012617&mcid=500020&playurlVersion=WX-A1-9.9.2-SNAPSHOT&userid=&jmhm=&videocodec=h264&appCode=miguvideo_android&bean=mgspad&tid=android&conFee=0&encrypt=d0252728c6ae97ee694c4beb5e114a7f
   速度: 7311.52KB/s | 数据量: 7.3KB | 总耗时: 0.02s
[2026-09-30 20:23:26] ✅ 测速成功: http://hlsztemgsplive.miguvideo.com:8080/wd_r2/jstv/haxinwenzonghe/600/index.m3u8?msisdn=202609301803086cd479fe917b477c8b991ccdafe44671&mdspid=&spid=699067&netType=0&sid=5500469363&pid=2028597139&timestamp=20260930180308&Channel_ID=0116_2600000900-99000-201600010010027&ProgramID=639731826&ParentNodeID=-99&assertID=5500469363&client_ip=171.8.79.254&SecurityKey=20260930180308&promotionId=&mvid=5102012618&mcid=500020&playurlVersion=WX-A1-9.9.2-SNAPSHOT&userid=&jmhm=&videocodec=h264&appCode=miguvideo_android&bean=mgspad&tid=android&conFee=0&encrypt=e266312ca46d97006038a34c20f4dc6e
   速度: 7311.52KB/s | 数据量: 7.3KB | 总耗时: 0.03s
[2026-09-30 20:23:26] ✅ 测速成功: http://hlsztemgsplive.miguvideo.com:8080/wd_r2/jstv/sqxinwenzonghe/600/index.m3u8?msisdn=20260930180309ebb5e1ac943a419da3fc3b0286484536&mdspid=&spid=699067&netType=0&sid=5500469357&pid=2028597139&timestamp=20260930180309&Channel_ID=0116_2600000900-99000-201600010010027&ProgramID=639731832&ParentNodeID=-99&assertID=5500469357&client_ip=171.8.79.254&SecurityKey=20260930180309&promotionId=&mvid=5102012616&mcid=500020&playurlVersion=WX-A1-9.9.2-SNAPSHOT&userid=&jmhm=&videocodec=h264&appCode=miguvideo_android&bean=mgspad&tid=android&conFee=0&encrypt=e08b674b55882385bd09d76d70c5edcd
   速度: 7311.52KB/s | 数据量: 7.3KB | 总耗时: 0.04s
[2026-09-30 20:23:26] ✅ 测速成功: http://hlsztemgsplive.miguvideo.com:8080/wd_r2/jstv/tzxinwenzonghe/600/index.m3u8?msisdn=202609301803086dccb77cca9b49e39e9a9c7919b05b6f&mdspid=&spid=699067&netType=0&sid=5500469354&pid=2028597139&timestamp=20260930180308&Channel_ID=0116_2600000900-99000-201600010010027&ProgramID=639731818&ParentNodeID=-99&assertID=5500469354&client_ip=171.8.79.254&SecurityKey=20260930180308&promotionId=&mvid=5102012615&mcid=500020&playurlVersion=WX-A1-9.9.2-SNAPSHOT&userid=&jmhm=&videocodec=h264&appCode=miguvideo_android&bean=mgspad&tid=android&conFee=0&encrypt=4f88e7d8056babcb8e5d5d921a9870bb
   速度: 7311.52KB/s | 数据量: 7.3KB | 总耗时: 0.04s
[2026-09-30 20:23:26] ✅ 测速成功: http://hlsztemgsplive.miguvideo.com:8080/wd_r2/jstv/lygxinwenzonghe/600/index.m3u8?msisdn=20260930180309566c7d972b3e43e787fdb5bbee0675a8&mdspid=&spid=699067&netType=0&sid=5500469369&pid=2028597139&timestamp=20260930180309&Channel_ID=0116_2600000900-99000-201600010010027&ProgramID=639731715&ParentNodeID=-99&assertID=5500469369&client_ip=171.8.79.254&SecurityKey=20260930180309&promotionId=&mvid=5102012621&mcid=500020&playurlVersion=WX-A1-9.9.2-SNAPSHOT&userid=&jmhm=&videocodec=h264&appCode=miguvideo_android&bean=mgspad&tid=android&conFee=0&encrypt=d3b5a4ec468b8f9d83d15bdc893eaa2b
   速度: 7311.52KB/s | 数据量: 7.3KB | 总耗时: 0.04s
[2026-09-30 20:23:26] ✅ 测速成功: http://hlsztemgsplive.miguvideo.com:8080/wd_r2/jstv/xzxinwenzonghe/600/index.m3u8?msisdn=202609301803094b7ec985adfb446483e89dede4e132f5&mdspid=&spid=699067&netType=0&sid=5500469368&pid=2028597139&timestamp=20260930180309&Channel_ID=0116_2600000900-99000-201600010010027&ProgramID=639731747&ParentNodeID=-99&assertID=5500469368&client_ip=171.8.79.254&SecurityKey=20260930180309&promotionId=&mvid=5102012620&mcid=500020&playurlVersion=WX-A1-9.9.2-SNAPSHOT&userid=&jmhm=&videocodec=h264&appCode=miguvideo_android&bean=mgspad&tid=android&conFee=0&encrypt=9b71411cdcd780a853154f2c6251b867
   速度: 4877.03KB/s | 数据量: 7.3KB | 总耗时: 0.04s
[2026-09-30 20:23:26] ✅ 测速成功: http://hlsztemgsplive.miguvideo.com:8080/wd_r2/jstv/ymkt/600/index.m3u8?msisdn=20260930180309922faae4c2994932b64c9362728be9d1&mdspid=&spid=699067&netType=0&sid=5500260553&pid=2028597139&timestamp=20260930180309&Channel_ID=0116_2600000900-99000-201600010010027&ProgramID=626064703&ParentNodeID=-99&assertID=5500260553&client_ip=171.8.79.254&SecurityKey=20260930180309&promotionId=&mvid=5100186455&mcid=500020&playurlVersion=WX-A1-9.9.2-SNAPSHOT&userid=&jmhm=&videocodec=h264&appCode=miguvideo_android&bean=mgspad&tid=android&conFee=0&encrypt=439ffa8ae3c58a933acb7f026308ce3a
   速度: 7311.52KB/s | 数据量: 7.3KB | 总耗时: 0.02s
[2026-09-30 20:23:26] ✅ 测速成功: http://hlsztemgsplive.miguvideo.com:8080/migu/kailu/jyxwzh/50/20250604/index.m3u8?msisdn=20260930180309d93058022ab44b74bf20405ba2a10283&mdspid=&spid=699067&netType=0&sid=5910022177&pid=2028597139&timestamp=20260930180309&Channel_ID=0116_2600000900-99000-201600010010027&ProgramID=955227979&ParentNodeID=-99&assertID=5910022177&client_ip=171.8.79.254&SecurityKey=20260930180309&promotionId=&mvid=5900006705&mcid=500020&playurlVersion=WX-A1-9.9.2-SNAPSHOT&userid=&jmhm=&videocodec=h264&appCode=miguvideo_android&bean=mgspad&tid=android&conFee=0&encrypt=f10f8ba2cd507447b46e1f0783197d77
   速度: 7311.52KB/s | 数据量: 7.3KB | 总耗时: 0.02s
[2026-09-30 20:23:26] ✅ 测速成功: http://hlsztemgsplive.miguvideo.com:8080/migu/kailu/yxxwzh/50/20250604/index.m3u8?msisdn=20260930180310cd8e185c632944598d3a8511d8961b76&mdspid=&spid=699067&netType=0&sid=5910022179&pid=2028597139&timestamp=20260930180310&Channel_ID=0116_2600000900-99000-201600010010027&ProgramID=955227996&ParentNodeID=-99&assertID=5910022179&client_ip=171.8.79.254&SecurityKey=20260930180310&promotionId=&mvid=5900006707&mcid=500020&playurlVersion=WX-A1-9.9.2-SNAPSHOT&userid=&jmhm=&videocodec=h264&appCode=miguvideo_android&bean=mgspad&tid=android&conFee=0&encrypt=f83599384b3abe6d99e67b20e88badf3
   速度: 7311.52KB/s | 数据量: 7.3KB | 总耗时: 0.02s
[2026-09-30 20:23:26] ✅ 测速成功: http://hlsztemgsplive.miguvideo.com:8080/migu/kailu/sxylpd/50/20250804/index.m3u8?msisdn=20260930180310aab036e4bd774a36ad248aedcdc1c258&mdspid=&spid=600572&netType=0&sid=5910022191&pid=2028597139&timestamp=20260930180310&Channel_ID=0116_2600000900-99000-201600010010027&ProgramID=956909362&ParentNodeID=-99&assertID=5910022191&client_ip=171.8.79.254&SecurityKey=20260930180310&promotionId=&mvid=5900006714&mcid=500020&playurlVersion=WX-A1-9.9.2-SNAPSHOT&userid=&jmhm=&videocodec=h264&appCode=miguvideo_android&bean=mgspad&tid=android&conFee=0&encrypt=47a2f7343aff3a7ba065b354475cd1da
   速度: 7311.52KB/s | 数据量: 7.3KB | 总耗时: 0.02s
[2026-09-30 20:23:26] ✅ 测速成功: http://hlsztemgsplive.miguvideo.com:8080/migu/kailu/sxdsqc/50/20250804/index.m3u8?msisdn=20260930180310b55cd9e6f0554a549b4c166719b65375&mdspid=&spid=600572&netType=0&sid=5910022190&pid=2028597139&timestamp=20260930180310&Channel_ID=0116_2600000900-99000-201600010010027&ProgramID=956909358&ParentNodeID=-99&assertID=5910022190&client_ip=171.8.79.254&SecurityKey=20260930180310&promotionId=&mvid=5900006713&mcid=500020&playurlVersion=WX-A1-9.9.2-SNAPSHOT&userid=&jmhm=&videocodec=h264&appCode=miguvideo_android&bean=mgspad&tid=android&conFee=0&encrypt=7b967c4c532a79f0cb2b1765435f7dd1
   速度: 7311.52KB/s | 数据量: 7.3KB | 总耗时: 0.02s
[2026-09-30 20:23:26] ✅ 测速成功: http://hlsztemgsplive.miguvideo.com:8080/migu/kailu/sxxwzx/50/20250804/index.m3u8?msisdn=20260930180310ae9fe777557c44ebb5b8ac7c1445b646&mdspid=&spid=600572&netType=0&sid=5910022187&pid=2028597139&timestamp=20260930180310&Channel_ID=0116_2600000900-99000-201600010010027&ProgramID=956909289&ParentNodeID=-99&assertID=5910022187&client_ip=171.8.79.254&SecurityKey=20260930180310&promotionId=&mvid=5900006710&mcid=500020&playurlVersion=WX-A1-9.9.2-SNAPSHOT&userid=&jmhm=&videocodec=h264&appCode=miguvideo_android&bean=mgspad&tid=android&conFee=0&encrypt=9cbce404fe052824e3a3f2327b663070
   速度: 7311.52KB/s | 数据量: 7.3KB | 总耗时: 0.02s
[2026-09-30 20:23:26] ✅ 测速成功: http://hlsztemgsplive.miguvideo.com:8080/migu/kailu/sxqqpd/50/20250804/index.m3u8?msisdn=202609301803103aeb3991bf7746219fcda61ffcd62af7&mdspid=&spid=600572&netType=0&sid=5910022188&pid=2028597139&timestamp=20260930180310&Channel_ID=0116_2600000900-99000-201600010010027&ProgramID=956909303&ParentNodeID=-99&assertID=5910022188&client_ip=171.8.79.254&SecurityKey=20260930180310&promotionId=&mvid=5900006711&mcid=500020&playurlVersion=WX-A1-9.9.2-SNAPSHOT&userid=&jmhm=&videocodec=h264&appCode=miguvideo_android&bean=mgspad&tid=android&conFee=0&encrypt=19276422a4d7c902efcc3d578086256e
   速度: 7311.52KB/s | 数据量: 7.3KB | 总耗时: 0.02s
[2026-09-30 20:23:26] ✅ 测速成功: http://hlsztemgsplive.miguvideo.com:8080/migu/kailu/ntxwzh/50/20250604/index.m3u8?msisdn=20260930180309854c2ba6248046fb9ed0f85c7eb3f13e&mdspid=&spid=699067&netType=0&sid=5910022178&pid=2028597139&timestamp=20260930180309&Channel_ID=0116_2600000900-99000-201600010010027&ProgramID=955227985&ParentNodeID=-99&assertID=5910022178&client_ip=171.8.79.254&SecurityKey=20260930180309&promotionId=&mvid=5900006706&mcid=500020&playurlVersion=WX-A1-9.9.2-SNAPSHOT&userid=&jmhm=&videocodec=h264&appCode=miguvideo_android&bean=mgspad&tid=android&conFee=0&encrypt=cc67275b4b064d8e8e32d35b47bcec1a
   速度: 7311.52KB/s | 数据量: 7.3KB | 总耗时: 0.04s
[2026-09-30 20:23:26] ✅ 测速成功: http://hlsztemgsplive.miguvideo.com:8080/migu/kailu/cftx/50/20250804/index.m3u8?msisdn=20260930180310b7bce795b94b4352b604ade14f79c129&mdspid=&spid=600697&netType=0&sid=5910022193&pid=2028597139&timestamp=20260930180310&Channel_ID=0116_2600000900-99000-201600010010027&ProgramID=956923159&ParentNodeID=-99&assertID=5910022193&client_ip=171.8.79.254&SecurityKey=20260930180310&promotionId=&mvid=5900006715&mcid=500020&playurlVersion=WX-A1-9.9.2-SNAPSHOT&userid=&jmhm=&videocodec=h264&appCode=miguvideo_android&bean=mgspad&tid=android&conFee=0&encrypt=1438e44f3b7f6f9a24a9e7aaeccafd9f
   速度: 7311.52KB/s | 数据量: 7.3KB | 总耗时: 0.02s
[2026-09-30 20:23:26] ✅ 测速成功: http://hlsztemgsplive.miguvideo.com:8080/migu/kailu/wxxwzh/50/20250604/index.m3u8?msisdn=202609301803107493e18261864d2b98bc36b8f7401688&mdspid=&spid=699067&netType=0&sid=5500469349&pid=2028597139&timestamp=20260930180310&Channel_ID=0116_2600000900-99000-201600010010027&ProgramID=639737327&ParentNodeID=-99&assertID=5500469349&client_ip=171.8.79.254&SecurityKey=20260930180310&promotionId=&mvid=5102012612&mcid=500020&playurlVersion=WX-A1-9.9.2-SNAPSHOT&userid=&jmhm=&videocodec=h264&appCode=miguvideo_android&bean=mgspad&tid=android&conFee=0&encrypt=7f23e2cffcde4bb76087fcc3132361fa
   速度: 7311.52KB/s | 数据量: 7.3KB | 总耗时: 0.04s
[2026-09-30 20:23:26] ✅ 测速成功: http://hlsztemgsplive.miguvideo.com:8080/migu/kailu/zjxwzh/50/20251127/index.m3u8?msisdn=202609301803115b415f381c4147f39f29025d048bcd8f&mdspid=&spid=699067&netType=0&sid=5500469365&pid=2028597139&timestamp=20260930180311&Channel_ID=0116_2600000900-99000-201600010010027&ProgramID=639731783&ParentNodeID=-99&assertID=5500469365&client_ip=171.8.79.254&SecurityKey=20260930180311&promotionId=&mvid=5102012619&mcid=500020&playurlVersion=WX-A1-9.9.2-SNAPSHOT&userid=&jmhm=&videocodec=h264&appCode=miguvideo_android&bean=mgspad&tid=android&conFee=0&encrypt=dba7cc257127048c9578bc95cd110408
   速度: 7311.52KB/s | 数据量: 7.3KB | 总耗时: 0.02s
[2026-09-30 20:23:26] ✅ 测速成功: http://hlsztemgsplive.miguvideo.com:8080/migu/kailu/lnysj/50/20251225/index.m3u8?msisdn=20260930180311184c16a424b14b9abdbbc05150b81dc0&mdspid=&spid=600697&netType=0&sid=5910022326&pid=2028597139&timestamp=20260930180311&Channel_ID=0116_2600000900-99000-201600010010027&ProgramID=962067517&ParentNodeID=-99&assertID=5910022326&client_ip=171.8.79.254&SecurityKey=20260930180311&promotionId=&mvid=5900006789&mcid=500020&playurlVersion=WX-A1-9.9.2-SNAPSHOT&userid=&jmhm=&videocodec=h264&appCode=miguvideo_android&bean=mgspad&tid=android&conFee=0&encrypt=8ec55dc403941188b823b1b6a908f537
   速度: 7311.52KB/s | 数据量: 7.3KB | 总耗时: 0.02s
[2026-09-30 20:23:26] ✅ 测速成功: http://hlsztemgsplive.miguvideo.com:8080/migu/kailu/lngg/50/20251225/index.m3u8?msisdn=20260930180311685b66b0187045cdbe780abd26cc3cb0&mdspid=&spid=600697&netType=0&sid=5910022323&pid=2028597139&timestamp=20260930180311&Channel_ID=0116_2600000900-99000-201600010010027&ProgramID=962045223&ParentNodeID=-99&assertID=5910022323&client_ip=171.8.79.254&SecurityKey=20260930180311&promotionId=&mvid=5900006791&mcid=500020&playurlVersion=WX-A1-9.9.2-SNAPSHOT&userid=&jmhm=&videocodec=h264&appCode=miguvideo_android&bean=mgspad&tid=android&conFee=0&encrypt=237c1ac69ebd06c40fbab1a654e8f9cf
   速度: 7311.52KB/s | 数据量: 7.3KB | 总耗时: 0.02s
[2026-09-30 20:23:26] ✅ 测速成功: http://hlsztemgsplive.miguvideo.com:8080/migu/kailu/lntyxx/50/20251225/index.m3u8?msisdn=20260930180311fa5ea7c298ab46a28fa2ee00ae99f931&mdspid=&spid=600697&netType=0&sid=5910022329&pid=2028597139&timestamp=20260930180311&Channel_ID=0116_2600000900-99000-201600010010027&ProgramID=962067526&ParentNodeID=-99&assertID=5910022329&client_ip=171.8.79.254&SecurityKey=20260930180311&promotionId=&mvid=5900006790&mcid=500020&playurlVersion=WX-A1-9.9.2-SNAPSHOT&userid=&jmhm=&videocodec=h264&appCode=miguvideo_android&bean=mgspad&tid=android&conFee=0&encrypt=275700228678c9a20628ce8b24551055
   速度: 5791.64KB/s | 数据量: 7.3KB | 总耗时: 0.02s
[2026-09-30 20:23:26] ✅ 测速成功: http://hlsztemgsplive.miguvideo.com:8080/migu/kailu/lnsh/50/20251225/index.m3u8?msisdn=2026093018031137ab7cf635354eb8b4d647d7203df144&mdspid=&spid=600697&netType=0&sid=5910022324&pid=2028597139&timestamp=20260930180311&Channel_ID=0116_2600000900-99000-201600010010027&ProgramID=962045226&ParentNodeID=-99&assertID=5910022324&client_ip=171.8.79.254&SecurityKey=20260930180311&promotionId=&mvid=5900006792&mcid=500020&playurlVersion=WX-A1-9.9.2-SNAPSHOT&userid=&jmhm=&videocodec=h264&appCode=miguvideo_android&bean=mgspad&tid=android&conFee=0&encrypt=2dba7eb65dc783bf09990f9cc9e1566b
   速度: 7311.52KB/s | 数据量: 7.3KB | 总耗时: 0.02s
[2026-09-30 20:23:26] ✅ 测速成功: http://hlsztemgsplive.miguvideo.com:8080/migu/kailu/nxwl/50/20251225/index.m3u8?msisdn=202609301803115185bd7ca8524ae7b18b4fbab1951641&mdspid=&spid=600697&netType=0&sid=5910022328&pid=2028597139&timestamp=20260930180311&Channel_ID=0116_2600000900-99000-201600010010027&ProgramID=962067523&ParentNodeID=-99&assertID=5910022328&client_ip=171.8.79.254&SecurityKey=20260930180311&promotionId=&mvid=5900006788&mcid=500020&playurlVersion=WX-A1-9.9.2-SNAPSHOT&userid=&jmhm=&videocodec=h264&appCode=miguvideo_android&bean=mgspad&tid=android&conFee=0&encrypt=804a569617ed5c630bddbabb33fb7ec4
   速度: 7311.52KB/s | 数据量: 7.3KB | 总耗时: 0.02s
[2026-09-30 20:23:26] ✅ 测速成功: http://hlsztemgsplive.miguvideo.com:8080/migu/kailu/szxwzh/50/20250604/index.m3u8?msisdn=20260930180312456a08c16ec04121ac112aa7b5132925&mdspid=&spid=600697&netType=0&sid=5910022410&pid=2028597139&timestamp=20260930180312&Channel_ID=0116_2600000900-99000-201600010010027&ProgramID=639731952&ParentNodeID=-99&assertID=5910022410&client_ip=171.8.79.254&SecurityKey=20260930180312&promotionId=&mvid=5102012610&mcid=500020&playurlVersion=WX-A1-9.9.2-SNAPSHOT&userid=&jmhm=&videocodec=h264&appCode=miguvideo_android&bean=mgspad&tid=android&conFee=0&encrypt=9f69da5270d781d6553b37cfc4ccfda4
   速度: 7311.52KB/s | 数据量: 7.3KB | 总耗时: 0.02s
[2026-09-30 20:23:26] ✅ 测速成功: http://hlsztemgsplive.miguvideo.com:8080/wd-virtuallive5100030975-75/index.m3u8?msisdn=202609301803128e3952834fae4480af3fe9f8d60c4d13&mdspid=&spid=800033&netType=0&sid=5500035175&pid=2028597139&timestamp=20260930180312&Channel_ID=0116_2600000900-99000-201600010010027&ProgramID=619495952&ParentNodeID=-99&assertID=5500035175&client_ip=171.8.79.254&SecurityKey=20260930180312&promotionId=&mvid=5100030975&mcid=500020&playurlVersion=WX-A1-9.9.2-SNAPSHOT&userid=&jmhm=&videocodec=h264&appCode=miguvideo_android&bean=mgspad&tid=android&conFee=0&encrypt=25b6c136e23c7e0cc3e97c22ba8a414e
   速度: 7311.52KB/s | 数据量: 7.3KB | 总耗时: 0.02s
[2026-09-30 20:23:26] ✅ 测速成功: http://hlsztemgsplive.miguvideo.com:8080/wd_r2/virtuallive/5100180869/75/index.m3u8?msisdn=2026093018031257a0cde5d4e94380b73f338a2185ecec&mdspid=&spid=800033&netType=0&sid=5500242089&pid=2028597139&timestamp=20260930180312&Channel_ID=0116_2600000900-99000-201600010010027&ProgramID=625703337&ParentNodeID=-99&assertID=5500242089&client_ip=171.8.79.254&SecurityKey=20260930180312&promotionId=&mvid=5100180869&mcid=500020&playurlVersion=WX-A1-9.9.2-SNAPSHOT&userid=&jmhm=&videocodec=h264&appCode=miguvideo_android&bean=mgspad&tid=android&conFee=0&encrypt=d9527e882888572f57a2b104192ab6a0
   速度: 7311.52KB/s | 数据量: 7.3KB | 总耗时: 0.02s
[2026-09-30 20:23:26] ✅ 测速成功: http://hlsztemgsplive.miguvideo.com:8080/migu/kailu/chcymdy/50/20250415/index.m3u8?msisdn=20260930180312af44d477f5bf4f72938714cc648f2969&mdspid=&spid=699004&netType=0&sid=5910022176&pid=2028597139&timestamp=20260930180312&Channel_ID=0116_2600000900-99000-201600010010027&ProgramID=952383261&ParentNodeID=-99&assertID=5910022176&client_ip=171.8.79.254&SecurityKey=20260930180312&promotionId=&mvid=5900006704&mcid=500020&playurlVersion=WX-A1-9.9.2-SNAPSHOT&userid=&jmhm=&videocodec=h264&appCode=miguvideo_android&bean=mgspad&tid=android&conFee=0&encrypt=bef597d91aebb8f5850a0d8b59f48cbf
   速度: 7311.52KB/s | 数据量: 7.3KB | 总耗时: 0.02s
[2026-09-30 20:23:26] ✅ 测速成功: http://hlsztemgsplive.miguvideo.com:8080/migu/virtuallive2/5900002411/50/20210706/index.m3u8?msisdn=20260930200302d9e1673616d54173bc5087deae11a92b&mdspid=&spid=800033&netType=0&sid=5910019525&pid=2028597139&timestamp=20260930200302&Channel_ID=0116_2600000900-99000-201600010010027&ProgramID=713591450&ParentNodeID=-99&assertID=5910019525&client_ip=171.8.79.254&SecurityKey=20260930200302&promotionId=&mvid=5900002421&mcid=500020&playurlVersion=WX-A1-9.9.2-SNAPSHOT&userid=&jmhm=&videocodec=h264&appCode=miguvideo_android&bean=mgspad&tid=android&conFee=0&encrypt=80ce107d9f12b996128165c83ef41895
   速度: 7311.52KB/s | 数据量: 7.3KB | 总耗时: 0.02s
[2026-09-30 20:23:26] ✅ 测速成功: http://hlsztemgsplive.miguvideo.com:8080/migu/kailu/zgtq/50/20251103/index.m3u8?msisdn=202609302003024cd7137ad8e3417cb4de195c540346e5&mdspid=&spid=600697&netType=0&sid=5910022296&pid=2028597139&timestamp=20260930200302&Channel_ID=0116_2600000900-99000-201600010010027&ProgramID=959986621&ParentNodeID=-99&assertID=5910022296&client_ip=171.8.79.254&SecurityKey=20260930200302&promotionId=&mvid=5900006772&mcid=500020&playurlVersion=WX-A1-9.9.2-SNAPSHOT&userid=&jmhm=&videocodec=h264&appCode=miguvideo_android&bean=mgspad&tid=android&conFee=0&encrypt=cbbc8ba6cf73270df1e3918ba7b40082
   速度: 7311.52KB/s | 数据量: 7.3KB | 总耗时: 0.01s
[2026-09-30 20:23:26] ✅ 测速成功: http://hlsztemgsplive.miguvideo.com:8080/wd_r1/2018/nfmedia/nfys/1000/index.m3u8?msisdn=20260930200302e4e35081ad0e4ed38ee0db69faec018c&mdspid=&spid=699054&netType=0&sid=2206173738&pid=2028597139&timestamp=20260930200302&Channel_ID=0116_2600000900-99000-201600010010027&ProgramID=614961829&ParentNodeID=-99&assertID=2206173738&client_ip=171.8.79.254&SecurityKey=20260930200302&promotionId=&mvid=2206173738&mcid=500020&playurlVersion=WX-A1-9.9.2-SNAPSHOT&userid=&jmhm=&videocodec=h264&appCode=miguvideo_android&bean=mgspad&tid=android&conFee=0&encrypt=c692d05f93700bd28fa36e3eda0595a2
   速度: 7311.52KB/s | 数据量: 7.3KB | 总耗时: 0.02s
[2026-09-30 20:23:26] ✅ 测速成功: http://hlsztemgsplive.miguvideo.com:8080/migu/kailu/cetv1/50/20240709/index.m3u8?msisdn=20260930200302a73b7762637146789f629257ade43a25&mdspid=&spid=699004&netType=0&sid=5910022150&pid=2028597139&timestamp=20260930200302&Channel_ID=0116_2600000900-99000-201600010010027&ProgramID=923287154&ParentNodeID=-99&assertID=5910022150&client_ip=171.8.79.254&SecurityKey=20260930200302&promotionId=&mvid=5900006636&mcid=500020&playurlVersion=WX-A1-9.9.2-SNAPSHOT&userid=&jmhm=&videocodec=h264&appCode=miguvideo_android&bean=mgspad&tid=android&conFee=0&encrypt=66d6758d55e4f913a38ea343ef9e03a8
   速度: 7311.52KB/s | 数据量: 7.3KB | 总耗时: 0.01s
[2026-09-30 20:23:26] ✅ 测速成功: http://hlsztemgsplive.miguvideo.com:8080/migu/virtuallive2/5900002413/50/20210706/index.m3u8?msisdn=20260930180312037278e2a8714800a3a4fddf94a2a16e&mdspid=&spid=800033&netType=0&sid=5910019527&pid=2028597139&timestamp=20260930180312&Channel_ID=0116_2600000900-99000-201600010010027&ProgramID=713600957&ParentNodeID=-99&assertID=5910019527&client_ip=171.8.79.254&SecurityKey=20260930180312&promotionId=&mvid=5900002443&mcid=500020&playurlVersion=WX-A1-9.9.2-SNAPSHOT&userid=&jmhm=&videocodec=h264&appCode=miguvideo_android&bean=mgspad&tid=android&conFee=0&encrypt=c88a0c2a49dd525efb94c0948abbafad
   速度: 7311.52KB/s | 数据量: 7.3KB | 总耗时: 0.04s
[2026-09-30 20:23:26] ✅ 测速成功: http://hlsztemgsplive.miguvideo.com:8080/migu/kailu/cetv2/50/20240709/index.m3u8?msisdn=20260930200302bc667006fccf4f4a8d3870d5f328f1e9&mdspid=&spid=699004&netType=0&sid=5910022152&pid=2028597139&timestamp=20260930200302&Channel_ID=0116_2600000900-99000-201600010010027&ProgramID=923287211&ParentNodeID=-99&assertID=5910022152&client_ip=171.8.79.254&SecurityKey=20260930200302&promotionId=&mvid=5900006638&mcid=500020&playurlVersion=WX-A1-9.9.2-SNAPSHOT&userid=&jmhm=&videocodec=h264&appCode=miguvideo_android&bean=mgspad&tid=android&conFee=0&encrypt=fbe5c6c75da94e74a1efe45c3292b3dc
   速度: 7311.52KB/s | 数据量: 7.3KB | 总耗时: 0.02s
[2026-09-30 20:23:26] ✅ 测速成功: http://hlsztemgsplive.miguvideo.com:8080/migu/kailu/sdjyws/50/20250915/index.m3u8?msisdn=20260930200303a5402dc4142f4272a84aabcba404296a&mdspid=&spid=600697&netType=0&sid=5910022199&pid=2028597139&timestamp=20260930200303&Channel_ID=0116_2600000900-99000-201600010010027&ProgramID=609154353&ParentNodeID=-99&assertID=5910022199&client_ip=171.8.79.254&SecurityKey=20260930200303&promotionId=&mvid=2200208305&mcid=500020&playurlVersion=WX-A1-9.9.2-SNAPSHOT&userid=&jmhm=&videocodec=h264&appCode=miguvideo_android&bean=mgspad&tid=android&conFee=0&encrypt=aa86fa66a178b640dd70bd0ab7ff4087
   速度: 7311.52KB/s | 数据量: 7.3KB | 总耗时: 0.01s
[2026-09-30 20:23:26] ✅ 测速成功: http://hlsztemgsplive.miguvideo.com:8080/migu/kailu/cetv4/50/20240709/index.m3u8?msisdn=20260930200302c6b718183b7047ec925e7bf5cdd2c710&mdspid=&spid=699004&netType=0&sid=5910022154&pid=2028597139&timestamp=20260930200302&Channel_ID=0116_2600000900-99000-201600010010027&ProgramID=923287339&ParentNodeID=-99&assertID=5910022154&client_ip=171.8.79.254&SecurityKey=20260930200302&promotionId=&mvid=5900006640&mcid=500020&playurlVersion=WX-A1-9.9.2-SNAPSHOT&userid=&jmhm=&videocodec=h264&appCode=miguvideo_android&bean=mgspad&tid=android&conFee=0&encrypt=fb44f7f87d7552413bc0954e51a0446b
   速度: 7311.52KB/s | 数据量: 7.3KB | 总耗时: 0.02s
[2026-09-30 20:23:26] ✅ 测速成功: http://hlsztemgsplive.miguvideo.com:8080/ws_x/2018/xiongmao/HD/1000/index.m3u8?msisdn=20260930200303d12e30a3eb3d476b8254be026937a635&mdspid=&spid=699004&netType=0&sid=2202634723&pid=2028597139&timestamp=20260930200303&Channel_ID=0116_2600000900-99000-201600010010027&ProgramID=609158151&ParentNodeID=-99&assertID=2202634723&client_ip=171.8.79.254&SecurityKey=20260930200303&promotionId=&mvid=2202634723&mcid=500020&playurlVersion=WX-A1-9.9.2-SNAPSHOT&userid=&jmhm=&videocodec=h264&appCode=miguvideo_android&bean=mgspad&tid=android&conFee=0&encrypt=d9927bdabb8b4200e9b8a0c6c02977f8
   速度: 7311.52KB/s | 数据量: 7.3KB | 总耗时: 0.02s
[2026-09-30 20:23:26] ✅ 测速成功: http://hlsztemgsplive.miguvideo.com:8080/envivo_x/2018/SD/xiongmao01/1000/index.m3u8?msisdn=2026093020030324a95d0b3c5943bea4cd91a1c340d1c6&mdspid=&spid=699004&netType=0&sid=2200200699&pid=2028597139&timestamp=20260930200303&Channel_ID=0116_2600000900-99000-201600010010027&ProgramID=608933610&ParentNodeID=-99&assertID=2200200699&client_ip=171.8.79.254&SecurityKey=20260930200303&promotionId=&mvid=2200200699&mcid=500020&playurlVersion=WX-A1-9.9.2-SNAPSHOT&userid=&jmhm=&videocodec=h264&appCode=miguvideo_android&bean=mgspad&tid=android&conFee=0&encrypt=2253a2dce9eec707b22d7b950be8b81b
   速度: 7311.52KB/s | 数据量: 7.3KB | 总耗时: 0.02s
[2026-09-30 20:23:26] ✅ 测速成功: http://hlsztemgsplive.miguvideo.com:8080/envivo_x/2018/SD/xiongmao02/1000/index.m3u8?msisdn=20260930200303ee4432c6af24486e9e06eba81bb15e4f&mdspid=&spid=699004&netType=0&sid=2200200717&pid=2028597139&timestamp=20260930200303&Channel_ID=0116_2600000900-99000-201600010010027&ProgramID=608933640&ParentNodeID=-99&assertID=2200200717&client_ip=171.8.79.254&SecurityKey=20260930200303&promotionId=&mvid=2200200717&mcid=500020&playurlVersion=WX-A1-9.9.2-SNAPSHOT&userid=&jmhm=&videocodec=h264&appCode=miguvideo_android&bean=mgspad&tid=android&conFee=0&encrypt=a0a0ccb1ec2d8f1e1cb05e5df6b8696d
   速度: 7311.52KB/s | 数据量: 7.3KB | 总耗时: 0.02s
[2026-09-30 20:23:26] ✅ 测速成功: http://hlsztemgsplive.miguvideo.com:8080/envivo_x/2018/SD/xiongmao04/1000/index.m3u8?msisdn=2026093020030376724a6c5b1b4c02b5a2f34e062b71e3&mdspid=&spid=699004&netType=0&sid=2200200771&pid=2028597139&timestamp=20260930200303&Channel_ID=0116_2600000900-99000-201600010010027&ProgramID=608934721&ParentNodeID=-99&assertID=2200200771&client_ip=171.8.79.254&SecurityKey=20260930200303&promotionId=&mvid=2200200771&mcid=500020&playurlVersion=WX-A1-9.9.2-SNAPSHOT&userid=&jmhm=&videocodec=h264&appCode=miguvideo_android&bean=mgspad&tid=android&conFee=0&encrypt=c5a8532ba9d3889e9c04738a8846a1ce
   速度: 7311.52KB/s | 数据量: 7.3KB | 总耗时: 0.01s
[2026-09-30 20:23:26] ✅ 测速成功: http://hlsztemgsplive.miguvideo.com:8080/envivo_x/2018/SD/xiongmao05/1000/index.m3u8?msisdn=202609302003043767d614f2bb49d8bfecbcf4227f64d7&mdspid=&spid=699004&netType=0&sid=2200200791&pid=2028597139&timestamp=20260930200304&Channel_ID=0116_2600000900-99000-201600010010027&ProgramID=608935104&ParentNodeID=-99&assertID=2200200791&client_ip=171.8.79.254&SecurityKey=20260930200304&promotionId=&mvid=2200200791&mcid=500020&playurlVersion=WX-A1-9.9.2-SNAPSHOT&userid=&jmhm=&videocodec=h264&appCode=miguvideo_android&bean=mgspad&tid=android&conFee=0&encrypt=193927f83a4e0ca79149d2af7a675ad3
   速度: 7311.52KB/s | 数据量: 7.3KB | 总耗时: 0.02s
[2026-09-30 20:23:26] ✅ 测速成功: http://hlsztemgsplive.miguvideo.com:8080/envivo_x/2018/SD/xiongmao03/1000/index.m3u8?msisdn=20260930200303ff7d860293bc4cad94802135bd75d62b&mdspid=&spid=699004&netType=0&sid=2200200738&pid=2028597139&timestamp=20260930200303&Channel_ID=0116_2600000900-99000-201600010010027&ProgramID=608934619&ParentNodeID=-99&assertID=2200200738&client_ip=171.8.79.254&SecurityKey=20260930200303&promotionId=&mvid=2200200738&mcid=500020&playurlVersion=WX-A1-9.9.2-SNAPSHOT&userid=&jmhm=&videocodec=h264&appCode=miguvideo_android&bean=mgspad&tid=android&conFee=0&encrypt=c5d1375fafdaa44bc4085a929fd491c7
   速度: 7311.52KB/s | 数据量: 7.3KB | 总耗时: 0.03s
[2026-09-30 20:23:26] ✅ 测速成功: http://hlsztemgsplive.miguvideo.com:8080/envivo_x/2018/SD/xiongmao06/1000/index.m3u8?msisdn=2026093020030402f1e6e6599646ddb7eed5f1c9167448&mdspid=&spid=699004&netType=0&sid=2200200817&pid=2028597139&timestamp=20260930200304&Channel_ID=0116_2600000900-99000-201600010010027&ProgramID=608935797&ParentNodeID=-99&assertID=2200200817&client_ip=171.8.79.254&SecurityKey=20260930200304&promotionId=&mvid=2200200817&mcid=500020&playurlVersion=WX-A1-9.9.2-SNAPSHOT&userid=&jmhm=&videocodec=h264&appCode=miguvideo_android&bean=mgspad&tid=android&conFee=0&encrypt=be6beaefa8ef907654150c459838d3e2
   速度: 7311.52KB/s | 数据量: 7.3KB | 总耗时: 0.02s
[2026-09-30 20:23:26] ✅ 测速成功: http://hlsztemgsplive.miguvideo.com:8080/envivo_x/2018/SD/xiongmao07/1000/index.m3u8?msisdn=20260930200304944fc927793a456ea3c04fa0b364d257&mdspid=&spid=699004&netType=0&sid=2200192831&pid=2028597139&timestamp=20260930200304&Channel_ID=0116_2600000900-99000-201600010010027&ProgramID=609169286&ParentNodeID=-99&assertID=2200192831&client_ip=171.8.79.254&SecurityKey=20260930200304&promotionId=&mvid=2200192831&mcid=500020&playurlVersion=WX-A1-9.9.2-SNAPSHOT&userid=&jmhm=&videocodec=h264&appCode=miguvideo_android&bean=mgspad&tid=android&conFee=0&encrypt=180a5b3d94ce5b57253e1f7a93a611ca
   速度: 7311.52KB/s | 数据量: 7.3KB | 总耗时: 0.02s
[2026-09-30 20:23:26] ✅ 测速成功: http://hlsztemgsplive.miguvideo.com:8080/envivo_x/2018/SD/xiongmao08/1000/index.m3u8?msisdn=20260930200304cc669552b98f4051bfff8f51f1e4ac81&mdspid=&spid=699004&netType=0&sid=2200192881&pid=2028597139&timestamp=20260930200304&Channel_ID=0116_2600000900-99000-201600010010027&ProgramID=609169287&ParentNodeID=-99&assertID=2200192881&client_ip=171.8.79.254&SecurityKey=20260930200304&promotionId=&mvid=2200192881&mcid=500020&playurlVersion=WX-A1-9.9.2-SNAPSHOT&userid=&jmhm=&videocodec=h264&appCode=miguvideo_android&bean=mgspad&tid=android&conFee=0&encrypt=8c74dfca2e89d3f1682bd404b547d2d3
   速度: 7311.52KB/s | 数据量: 7.3KB | 总耗时: 0.02s
[2026-09-30 20:23:26] ✅ 测速成功: http://hlsztemgsplive.miguvideo.com:8080/envivo_x/2018/SD/xiongmao10/1000/index.m3u8?msisdn=2026093020030431380122db1f422e81d1618fa03ec7d9&mdspid=&spid=699004&netType=0&sid=2200192937&pid=2028597139&timestamp=20260930200304&Channel_ID=0116_2600000900-99000-201600010010027&ProgramID=609169285&ParentNodeID=-99&assertID=2200192937&client_ip=171.8.79.254&SecurityKey=20260930200304&promotionId=&mvid=2200192937&mcid=500020&playurlVersion=WX-A1-9.9.2-SNAPSHOT&userid=&jmhm=&videocodec=h264&appCode=miguvideo_android&bean=mgspad&tid=android&conFee=0&encrypt=6f071f270863be598cb0311c1cf634db
   速度: 7311.52KB/s | 数据量: 7.3KB | 总耗时: 0.02s
[2026-09-30 20:23:26] ✅ 测速成功: http://hlsztemgsplive.miguvideo.com:8080/wd_r3/cctv/zuiqiangzongyi/600/index.m3u8?msisdn=20260930200305fd499869a6d54eedac18bd151521cdd2&mdspid=&spid=699004&netType=0&sid=5500315654&pid=2028597139&timestamp=20260930200305&Channel_ID=0116_2600000900-99000-201600010010027&ProgramID=629942228&ParentNodeID=-99&assertID=5500315654&client_ip=171.8.79.254&SecurityKey=20260930200305&promotionId=&mvid=5101034202&mcid=500020&playurlVersion=WX-A1-9.9.2-SNAPSHOT&userid=&jmhm=&videocodec=h264&appCode=miguvideo_android&bean=mgspad&tid=android&conFee=0&encrypt=20b53355da81f76c711e7494b533ebae
   速度: 7311.52KB/s | 数据量: 7.3KB | 总耗时: 0.02s
[2026-09-30 20:23:26] ✅ 测速成功: http://hlsztemgsplive.miguvideo.com:8080/envivo_x/2018/SD/xiongmao09/1000/index.m3u8?msisdn=20260930200304e308da86c61941c988034fce465b2f77&mdspid=&spid=699004&netType=0&sid=2200192899&pid=2028597139&timestamp=20260930200304&Channel_ID=0116_2600000900-99000-201600010010027&ProgramID=609169226&ParentNodeID=-99&assertID=2200192899&client_ip=171.8.79.254&SecurityKey=20260930200304&promotionId=&mvid=2200192899&mcid=500020&playurlVersion=WX-A1-9.9.2-SNAPSHOT&userid=&jmhm=&videocodec=h264&appCode=miguvideo_android&bean=mgspad&tid=android&conFee=0&encrypt=f88a92c8f1a70fbe1893a2261d6272f0
   速度: 7311.52KB/s | 数据量: 7.3KB | 总耗时: 0.02s
[2026-09-30 20:23:26] ✅ 测速成功: http://hlsztemgsplive.miguvideo.com:8080/wd_r3/cctv/jingdiandonghua/600/index.m3u8?msisdn=2026093020030524540d854c384c8390f48898d9ef190a&mdspid=&spid=699004&netType=0&sid=5500315652&pid=2028597139&timestamp=20260930200305&Channel_ID=0116_2600000900-99000-201600010010027&ProgramID=629942219&ParentNodeID=-99&assertID=5500315652&client_ip=171.8.79.254&SecurityKey=20260930200305&promotionId=&mvid=5101034205&mcid=500020&playurlVersion=WX-A1-9.9.2-SNAPSHOT&userid=&jmhm=&videocodec=h264&appCode=miguvideo_android&bean=mgspad&tid=android&conFee=0&encrypt=6b9c0d7ab8b71843540d13790e454f9f
   速度: 7311.52KB/s | 数据量: 7.3KB | 总耗时: 0.01s
[2026-09-30 20:23:26] ✅ 测速成功: http://hlsztemgsplive.miguvideo.com:8080/wd_r1/2018/nfmedia/jjkt/1000/index.m3u8?msisdn=20260930200305431e3a564cd84dafa3213a0f4a155c47&mdspid=&spid=699054&netType=0&sid=2206172388&pid=2028597139&timestamp=20260930200305&Channel_ID=0116_2600000900-99000-201600010010027&ProgramID=614952364&ParentNodeID=-99&assertID=2206172388&client_ip=171.8.79.254&SecurityKey=20260930200305&promotionId=&mvid=2206172388&mcid=500020&playurlVersion=WX-A1-9.9.2-SNAPSHOT&userid=&jmhm=&videocodec=h264&appCode=miguvideo_android&bean=mgspad&tid=android&conFee=0&encrypt=d27fceaba1acbbf4b03f984d26843805
   速度: 7311.52KB/s | 数据量: 7.3KB | 总耗时: 0.02s
[2026-09-30 20:23:27] ✅ 测速成功: http://hlsztemgsplive.miguvideo.com:8080/migu/virtuallive2/5900002409/50/20210706/index.m3u8?msisdn=2026093020030599427bfc6bd049f7b5c388fbe120e3f4&mdspid=&spid=800033&netType=0&sid=5910019523&pid=2028597139&timestamp=20260930200305&Channel_ID=0116_2600000900-99000-201600010010027&ProgramID=713589837&ParentNodeID=-99&assertID=5910019523&client_ip=171.8.79.254&SecurityKey=20260930200305&promotionId=&mvid=5900002419&mcid=500020&playurlVersion=WX-A1-9.9.2-SNAPSHOT&userid=&jmhm=&videocodec=h264&appCode=miguvideo_android&bean=mgspad&tid=android&conFee=0&encrypt=a7300874419c2856b7f5af7a358ec8d3
   速度: 7311.52KB/s | 数据量: 7.3KB | 总耗时: 0.02s
[2026-09-30 20:23:27] ✅ 测速成功: http://hlsztemgsplive.miguvideo.com:8080/migu/kailu/ydcmc/50/20251225/index.m3u8?msisdn=2026093020030597749efe5e82435d99533a679765a79b&mdspid=&spid=600697&netType=0&sid=5910022344&pid=2028597139&timestamp=20260930200305&Channel_ID=0116_2600000900-99000-201600010010027&ProgramID=961930369&ParentNodeID=-99&assertID=5910022344&client_ip=171.8.79.254&SecurityKey=20260930200305&promotionId=&mvid=5900006785&mcid=500020&playurlVersion=WX-A1-9.9.2-SNAPSHOT&userid=&jmhm=&videocodec=h264&appCode=miguvideo_android&bean=mgspad&tid=android&conFee=0&encrypt=b26eb6e0068958d3122a1969b607b3d1
   速度: 7311.52KB/s | 数据量: 7.3KB | 总耗时: 0.02s
[2026-09-30 20:23:27] ✅ 测速成功: http://hlsztemgsplive.miguvideo.com:8080/migu/kailu/hqly/50/20250915/index.m3u8?msisdn=20260930200305bf3b37dfb7dd429aa5f9079f1b8993d7&mdspid=&spid=600697&netType=0&sid=5910022200&pid=2028597139&timestamp=20260930200305&Channel_ID=0116_2600000900-99000-201600010010027&ProgramID=958475356&ParentNodeID=-99&assertID=5910022200&client_ip=171.8.79.254&SecurityKey=20260930200305&promotionId=&mvid=5900006723&mcid=500020&playurlVersion=WX-A1-9.9.2-SNAPSHOT&userid=&jmhm=&videocodec=h264&appCode=miguvideo_android&bean=mgspad&tid=android&conFee=0&encrypt=bf8d5e82bab50974048f95539a9691ba
   速度: 7311.52KB/s | 数据量: 7.3KB | 总耗时: 0.02s
[2026-09-30 20:23:27] ✅ 测速成功: http://hlsztemgsplive.miguvideo.com:8080/migu/kailu/zhtc/50/20251103/index.m3u8?msisdn=20260930200305d6a6176bd05143149bcb1552063cd6e0&mdspid=&spid=600697&netType=0&sid=5910022295&pid=2028597139&timestamp=20260930200305&Channel_ID=0116_2600000900-99000-201600010010027&ProgramID=959986618&ParentNodeID=-99&assertID=5910022295&client_ip=171.8.79.254&SecurityKey=20260930200305&promotionId=&mvid=5900006771&mcid=500020&playurlVersion=WX-A1-9.9.2-SNAPSHOT&userid=&jmhm=&videocodec=h264&appCode=miguvideo_android&bean=mgspad&tid=android&conFee=0&encrypt=1d6446b4c49b5e0ad063da81c586212e
   速度: 7311.52KB/s | 数据量: 7.3KB | 总耗时: 0.02s
[2026-09-30 20:23:27] ❌ 测速失败: http://iptv.4666888.xyz/iptv2A.php?id=34
   错误: ('Connection aborted.', RemoteDisconnected('Remote end closed connection without response')) | 域名: iptv.4666888.xyz
[2026-09-30 20:23:27] ❌ 测速失败: http://iptv.4666888.xyz/iptv2A.php?id=22
   错误: ('Connection aborted.', RemoteDisconnected('Remote end closed connection without response')) | 域名: iptv.4666888.xyz
[2026-09-30 20:23:27] ❌ 测速失败: http://221.7.175.154:8445/tsfile/live/1021_1.m3u8?key=txiptv&playlive=1&authid=0
   错误: HTTPConnectionPool(host='221.7.175.154', port=8445): Max retries exceeded with url: /tsfile/live/1021_1.m3u8?key=txiptv&playlive=1&authid=0 (Caused by NewConnectionError("HTTPConnection(host='221.7.175.154', port=8445): Failed to establish a new connection: [Errno 111] Connection refused")) | 域名: 221.7.175.154
[2026-09-30 20:23:27] ✅ 测速成功: http://122.152.202.33/s/81a8a44f/index.m3u8?id=53
   速度: 187.50KB/s | 数据量: 0.2KB | 总耗时: 0.59s
[2026-09-30 20:23:27] ✅ 测速成功: https://cdn-4.pishow.tv/live/1473/master.m3u8
   速度: 152.34KB/s | 数据量: 0.2KB | 总耗时: 0.66s
[2026-09-30 20:23:27] ✅ 测速成功: https://d1k6kax80wecy5.cloudfront.net/RLnAKY/index.m3u8
   速度: 237.30KB/s | 数据量: 0.2KB | 总耗时: 0.79s
[2026-09-30 20:23:27] ❌ 测速失败: http://221.7.175.154:8445/tsfile/live/1020_1.m3u8?key=txiptv&playlive=1&authid=0
   错误: HTTPConnectionPool(host='221.7.175.154', port=8445): Max retries exceeded with url: /tsfile/live/1020_1.m3u8?key=txiptv&playlive=1&authid=0 (Caused by NewConnectionError("HTTPConnection(host='221.7.175.154', port=8445): Failed to establish a new connection: [Errno 111] Connection refused")) | 域名: 221.7.175.154
[2026-09-30 20:23:28] ✅ 测速成功: http://ali-xwl.cztv.com/live/channel01720Plxw.m3u8
   速度: 473.63KB/s | 数据量: 0.5KB | 总耗时: 3.06s
[2026-09-30 20:23:28] ✅ 测速成功: https://epg.pw/stream/5f16dc7fc8aaaed3205516c63e4a8c24bca9dbba1181684244729cf574505b0e.m3u8
   速度: 124.02KB/s | 数据量: 0.1KB | 总耗时: 0.28s
[2026-09-30 20:23:28] ✅ 测速成功: http://122.152.202.33/s/81a8a44f/index.m3u8?id=15
   速度: 187.50KB/s | 数据量: 0.2KB | 总耗时: 0.62s
[2026-09-30 20:23:28] ✅ 测速成功: https://epg.pw/stream/8770e89223a086eb1b8a0c931e42296d772a8069ad3eb72540e0c434e7cb3e93.m3u8
   速度: 124.02KB/s | 数据量: 0.1KB | 总耗时: 0.15s
[2026-09-30 20:23:28] ✅ 测速成功: http://rbmn-live.akamaized.net/hls/live/590964/BoRB-AT/master_6660.m3u8
   速度: 5136.72KB/s | 数据量: 5.1KB | 总耗时: 0.07s
[2026-09-30 20:23:28] ✅ 测速成功: http://107.150.60.122/live/chcjt.m3u8
   速度: 191.41KB/s | 数据量: 0.2KB | 总耗时: 0.16s
[2026-09-30 20:23:28] ✅ 测速成功: http://122.152.202.33/s/81a8a44f/index.m3u8?id=fhhk
   速度: 187.50KB/s | 数据量: 0.2KB | 总耗时: 0.61s
[2026-09-30 20:23:28] ✅ 测速成功: http://38.75.136.137:98/gslb/dsdqpub/chcjt.m3u8?auth=testpub
   速度: 191.41KB/s | 数据量: 0.2KB | 总耗时: 0.20s
[2026-09-30 20:23:28] ✅ 测速成功: http://198.204.228.26/live/chcjt.m3u8
   速度: 191.41KB/s | 数据量: 0.2KB | 总耗时: 0.16s
[2026-09-30 20:23:28] ✅ 测速成功: http://192.151.150.154/live/chcjt.m3u8
   速度: 191.41KB/s | 数据量: 0.2KB | 总耗时: 0.16s
[2026-09-30 20:23:28] ✅ 测速成功: http://122.152.202.33/s/81a8a44f/index.m3u8?id=21
   速度: 187.50KB/s | 数据量: 0.2KB | 总耗时: 1.55s
[2026-09-30 20:23:28] ✅ 测速成功: http://38.75.136.137:98/gslb/dsdqpub/chchd.m3u8?auth=testpub
   速度: 195.31KB/s | 数据量: 0.2KB | 总耗时: 0.20s
[2026-09-30 20:23:29] ✅ 测速成功: http://122.152.202.33/s/81a8a44f/index.m3u8?id=fhhk TVB
   速度: 187.50KB/s | 数据量: 0.2KB | 总耗时: 1.70s
[2026-09-30 20:23:29] ✅ 测速成功: https://epg.pw/stream/6b49e3faa38adda85abab446f032dc1e686baa0760a9cfa66e2df8fd6fe3b445.m3u8
   速度: 124.02KB/s | 数据量: 0.1KB | 总耗时: 0.15s
[2026-09-30 20:23:30] ❌ 测速失败: http://ali-xwl.cztv.com/live/channel011080Plxw.m3u8
   错误: HTTPConnectionPool(host='ali-xwl.cztv.com', port=80): Read timed out. (read timeout=5) | 域名: ali-xwl.cztv.com
[2026-09-30 20:23:30] ✅ 测速成功: http://122.152.202.33/s/81a8a44f/index.m3u8?id=23
   速度: 187.50KB/s | 数据量: 0.2KB | 总耗时: 2.14s
[2026-09-30 20:23:30] ✅ 测速成功: http://live-hls-web-aja.getaj.net/AJA/02.m3u8
   速度: 375.98KB/s | 数据量: 0.4KB | 总耗时: 0.13s
[2026-09-30 20:23:31] ✅ 测速成功: http://222.128.55.152:9080/live/hy.m3u8
   速度: 85.94KB/s | 数据量: 0.1KB | 总耗时: 1.53s
[2026-09-30 20:23:31] ❌ 测速失败: http://iptv.4666888.xyz/iptv2A.php?id=43
   错误: HTTPConnectionPool(host='iptv.4666888.xyz', port=80): Max retries exceeded with url: /iptv2A.php?id=43 (Caused by ConnectTimeoutError(<HTTPConnection(host='iptv.4666888.xyz', port=80) at 0x7f84357cb020>, 'Connection to iptv.4666888.xyz timed out. (connect timeout=3.05)')) | 域名: iptv.4666888.xyz
[2026-09-30 20:23:31] ❌ 测速失败: http://iptv.4666888.xyz/iptv2A.php?id=48
   错误: HTTPConnectionPool(host='iptv.4666888.xyz', port=80): Max retries exceeded with url: /iptv2A.php?id=48 (Caused by ConnectTimeoutError(<HTTPConnection(host='iptv.4666888.xyz', port=80) at 0x7f84357ca7a0>, 'Connection to iptv.4666888.xyz timed out. (connect timeout=3.05)')) | 域名: iptv.4666888.xyz
[2026-09-30 20:23:31] ❌ 测速失败: http://iptv.4666888.xyz/iptv2A.php?id=56
   错误: HTTPConnectionPool(host='iptv.4666888.xyz', port=80): Max retries exceeded with url: /iptv2A.php?id=56 (Caused by ConnectTimeoutError(<HTTPConnection(host='iptv.4666888.xyz', port=80) at 0x7f84357cb8a0>, 'Connection to iptv.4666888.xyz timed out. (connect timeout=3.05)')) | 域名: iptv.4666888.xyz
[2026-09-30 20:23:31] ❌ 测速失败: http://iptv.4666888.xyz/iptv2A.php?id=29
   错误: HTTPConnectionPool(host='iptv.4666888.xyz', port=80): Max retries exceeded with url: /iptv2A.php?id=29 (Caused by ConnectTimeoutError(<HTTPConnection(host='iptv.4666888.xyz', port=80) at 0x7f84357ca030>, 'Connection to iptv.4666888.xyz timed out. (connect timeout=3.05)')) | 域名: iptv.4666888.xyz
[2026-09-30 20:23:32] ✅ 测速成功: https://gcalic.v.myalicdn.com/gc/hlzycc_1/index.m3u8
   速度: 319.34KB/s | 数据量: 0.3KB | 总耗时: 1.26s
[2026-09-30 20:23:32] ❌ 测速失败: http://genglei.8866.org:9901/tsfile/live/1035_1.m3u8?key=txiptv&playlive=1&authid=0
   错误: HTTPConnectionPool(host='genglei.8866.org', port=9901): Max retries exceeded with url: /tsfile/live/1035_1.m3u8?key=txiptv&playlive=1&authid=0 (Caused by ConnectTimeoutError(<HTTPConnection(host='genglei.8866.org', port=9901) at 0x7f84356c2e00>, 'Connection to genglei.8866.org timed out. (connect timeout=3.05)')) | 域名: genglei.8866.org
[2026-09-30 20:23:32] ❌ 测速失败: http://genglei.8866.org:9901/tsfile/live/1028_1.m3u8?key=txiptv&playlive=1&authid=0
   错误: HTTPConnectionPool(host='genglei.8866.org', port=9901): Max retries exceeded with url: /tsfile/live/1028_1.m3u8?key=txiptv&playlive=1&authid=0 (Caused by ConnectTimeoutError(<HTTPConnection(host='genglei.8866.org', port=9901) at 0x7f84356c29c0>, 'Connection to genglei.8866.org timed out. (connect timeout=3.05)')) | 域名: genglei.8866.org
[2026-09-30 20:23:32] ❌ 测速失败: http://genglei.8866.org:9901/tsfile/live/1034_1.m3u8?key=txiptv&playlive=1&authid=0
   错误: HTTPConnectionPool(host='genglei.8866.org', port=9901): Max retries exceeded with url: /tsfile/live/1034_1.m3u8?key=txiptv&playlive=1&authid=0 (Caused by ConnectTimeoutError(<HTTPConnection(host='genglei.8866.org', port=9901) at 0x7f84356c0e20>, 'Connection to genglei.8866.org timed out. (connect timeout=3.05)')) | 域名: genglei.8866.org
[2026-09-30 20:23:33] ❌ 测速失败: http://iptv.4666888.xyz/iptv2A.php?id=58
   错误: HTTPConnectionPool(host='iptv.4666888.xyz', port=80): Max retries exceeded with url: /iptv2A.php?id=58 (Caused by ConnectTimeoutError(<HTTPConnection(host='iptv.4666888.xyz', port=80) at 0x7f84357ca690>, 'Connection to iptv.4666888.xyz timed out. (connect timeout=3.05)')) | 域名: iptv.4666888.xyz
